,name,year,value,lastValue,rank
213,Afghanistan,2000,94475,,76
0,Afghanistan,2001,132602.3571,132602.3571,78
214,Afghanistan,2002,415356,94475,90
215,Afghanistan,2003,360940,415356,88
216,Afghanistan,2004,242022,360940,86
217,Afghanistan,2005,116444,242022,82
218,Afghanistan,2006,86129,116444,79
219,Afghanistan,2007,92202,86129,74
220,Afghanistan,2008,81574,92202,77
221,Afghanistan,2009,64880,81574,73
222,Afghanistan,2010,69397,64880,70
223,Afghanistan,2011,77549,69397,71
224,Afghanistan,2012,54840,77549,70
225,Afghanistan,2013,39263,54840,64
226,Afghanistan,2014,61362,39263,66
227,Algeria,2000,35,61362,8
228,Algeria,2001,8,35,5
229,Algeria,2002,8,8,5
230,Algeria,2003,6,8,4
231,Algeria,2004,3,6,5
232,Algeria,2005,2,3,6
233,Algeria,2006,1,2,5
234,Algeria,2007,27,1,11
235,Algeria,2008,3,27,7
236,Algeria,2009,0,3,1
237,Algeria,2010,1,0,9
238,Algeria,2011,1,1,11
239,Algeria,2012,55,1,24
240,Algeria,2013,0,55,1
241,Algeria,2014,0,0,1
1,Angola,2000,1556770.2,1556770.2,103
2,Angola,2001,1556770.2,1556770.2,103
3,Angola,2002,1556770.2,1556770.2,103
4,Angola,2003,1556770.2,1556770.2,102
5,Angola,2004,1556770.2,1556770.2,102
242,Angola,2005,889572,0,98
243,Angola,2006,1082398,889572,101
244,Angola,2007,1533485,1082398,104
245,Angola,2008,1377992,1533485,102
246,Angola,2009,1573422,1377992,105
247,Angola,2010,1682870,1573422,104
248,Angola,2011,1632282,1682870,101
249,Angola,2012,1496834,1632282,94
250,Angola,2013,1999868,1496834,97
251,Angola,2014,2298979,1999868,96
252,Argentina,2000,440,2298979,14
253,Argentina,2001,215,440,12
254,Argentina,2002,125,215,12
255,Argentina,2003,122,125,12
256,Argentina,2004,115,122,12
257,Argentina,2005,252,115,20
258,Argentina,2006,212,252,17
259,Argentina,2007,387,212,21
260,Argentina,2008,130,387,20
261,Argentina,2009,86,130,19
262,Argentina,2010,14,86,14
263,Argentina,2011,0,14,1
264,Argentina,2012,0,0,1
265,Argentina,2013,0,0,2
266,Argentina,2014,0,0,2
267,Armenia,2000,141,0,10
268,Armenia,2001,79,141,10
269,Armenia,2002,52,79,8
270,Armenia,2003,29,52,8
271,Armenia,2004,47,29,8
272,Armenia,2005,7,47,7
273,Armenia,2006,0,7,1
274,Armenia,2007,0,0,1
275,Armenia,2008,0,0,1
276,Armenia,2009,0,0,2
277,Armenia,2010,0,0,1
6,Armenia,2011,32.27272727,32.27272727,20
7,Armenia,2012,32.27272727,32.27272727,22
8,Armenia,2013,32.27272727,32.27272727,22
9,Armenia,2014,32.27272727,32.27272727,23
278,Azerbaijan,2000,1526,0,22
279,Azerbaijan,2001,1058,1526,18
280,Azerbaijan,2002,506,1058,14
281,Azerbaijan,2003,482,506,17
282,Azerbaijan,2004,386,482,22
283,Azerbaijan,2005,242,386,19
284,Azerbaijan,2006,143,242,14
285,Azerbaijan,2007,108,143,16
286,Azerbaijan,2008,72,108,18
287,Azerbaijan,2009,78,72,18
288,Azerbaijan,2010,50,78,20
289,Azerbaijan,2011,4,50,13
290,Azerbaijan,2012,3,4,13
291,Azerbaijan,2013,0,3,3
292,Azerbaijan,2014,0,0,3
293,Bahamas,2000,2,0,2
294,Bahamas,2001,4,2,3
295,Bahamas,2002,1,4,2
296,Bahamas,2003,3,1,3
297,Bahamas,2004,2,3,4
298,Bahamas,2005,1,2,4
299,Bahamas,2006,49,1,8
300,Bahamas,2007,6,49,8
301,Bahamas,2008,14,6,11
10,Bahamas,2009,8.090909091,8.090909091,12
302,Bahamas,2010,1,14,10
303,Bahamas,2011,6,1,15
11,Bahamas,2012,8.090909091,8.090909091,17
12,Bahamas,2013,8.090909091,8.090909091,18
13,Bahamas,2014,8.090909091,8.090909091,17
304,Bangladesh,2000,55599,6,67
305,Bangladesh,2001,54216,55599,69
306,Bangladesh,2002,62269,54216,73
307,Bangladesh,2003,54654,62269,72
308,Bangladesh,2004,58894,54654,74
309,Bangladesh,2005,48121,58894,74
310,Bangladesh,2006,32857,48121,63
311,Bangladesh,2007,59866,32857,69
312,Bangladesh,2008,84690,59866,79
313,Bangladesh,2009,63873,84690,71
314,Bangladesh,2010,55873,63873,68
315,Bangladesh,2011,51773,55873,67
316,Bangladesh,2012,9901,51773,51
317,Bangladesh,2013,3864,9901,43
318,Bangladesh,2014,10216,3864,48
319,Belize,2000,1486,10216,21
320,Belize,2001,1162,1486,19
321,Belize,2002,1134,1162,19
322,Belize,2003,1084,1134,22
323,Belize,2004,1066,1084,26
324,Belize,2005,1549,1066,26
325,Belize,2006,844,1549,23
326,Belize,2007,845,844,26
327,Belize,2008,540,845,26
328,Belize,2009,256,540,23
329,Belize,2010,150,256,23
330,Belize,2011,72,150,23
331,Belize,2012,33,72,23
332,Belize,2013,20,33,20
333,Belize,2014,19,20,18
14,Benin,2000,828294.6,828294.6,93
15,Benin,2001,828294.6,828294.6,94
16,Benin,2002,828294.6,828294.6,96
17,Benin,2003,828294.6,828294.6,94
18,Benin,2004,828294.6,828294.6,97
19,Benin,2005,828294.6,828294.6,97
20,Benin,2006,828294.6,828294.6,97
21,Benin,2007,828294.6,828294.6,97
22,Benin,2008,828294.6,828294.6,96
334,Benin,2009,889597,19,96
23,Benin,2010,828294.6,828294.6,92
335,Benin,2011,422968,889597,89
336,Benin,2012,705839,422968,88
337,Benin,2013,1078834,705839,89
338,Benin,2014,1044235,1078834,87
339,Bhutan,2000,5935,1044235,29
340,Bhutan,2001,5982,5935,32
341,Bhutan,2002,6511,5982,35
342,Bhutan,2003,3806,6511,30
343,Bhutan,2004,2670,3806,31
344,Bhutan,2005,1825,2670,28
345,Bhutan,2006,1868,1825,29
346,Bhutan,2007,793,1868,25
347,Bhutan,2008,329,793,24
348,Bhutan,2009,972,329,32
349,Bhutan,2010,436,972,26
350,Bhutan,2011,194,436,26
351,Bhutan,2012,0,194,2
352,Bhutan,2013,15,0,19
353,Bhutan,2014,19,15,19
354,Bolivia (Plurinational State of),2000,31469,19,57
355,Bolivia (Plurinational State of),2001,15765,31469,48
356,Bolivia (Plurinational State of),2002,14276,15765,44
357,Bolivia (Plurinational State of),2003,20343,14276,53
358,Bolivia (Plurinational State of),2004,14910,20343,51
359,Bolivia (Plurinational State of),2005,21442,14910,60
360,Bolivia (Plurinational State of),2006,19725,21442,54
361,Bolivia (Plurinational State of),2007,14610,19725,49
362,Bolivia (Plurinational State of),2008,9748,14610,50
363,Bolivia (Plurinational State of),2009,9743,9748,51
364,Bolivia (Plurinational State of),2010,13769,9743,48
365,Bolivia (Plurinational State of),2011,7143,13769,45
366,Bolivia (Plurinational State of),2012,7415,7143,49
367,Bolivia (Plurinational State of),2013,7342,7415,48
368,Bolivia (Plurinational State of),2014,7401,7342,47
369,Botswana,2000,10510,7401,36
370,Botswana,2001,3720,10510,30
371,Botswana,2002,1640,3720,23
372,Botswana,2003,591,1640,19
373,Botswana,2004,198,591,16
374,Botswana,2005,670,198,24
24,Botswana,2006,1653.071429,1653.071429,26
375,Botswana,2007,390,670,22
376,Botswana,2008,927,390,30
377,Botswana,2009,1024,927,33
378,Botswana,2010,1046,1024,31
379,Botswana,2011,432,1046,28
380,Botswana,2012,193,432,27
381,Botswana,2013,456,193,30
382,Botswana,2014,1346,456,39
383,Brazil,2000,613241,1346,89
384,Brazil,2001,388303,613241,89
385,Brazil,2002,348259,388303,89
386,Brazil,2003,408886,348259,89
387,Brazil,2004,465004,408886,91
388,Brazil,2005,606067,465004,93
389,Brazil,2006,549469,606067,90
390,Brazil,2007,458652,549469,90
391,Brazil,2008,315746,458652,88
392,Brazil,2009,309316,315746,85
393,Brazil,2010,334667,309316,82
394,Brazil,2011,267146,334667,82
395,Brazil,2012,242758,267146,76
396,Brazil,2013,177767,242758,73
397,Brazil,2014,143415,177767,72
25,Burkina Faso,2000,1330504.273,1330504.273,99
26,Burkina Faso,2001,1330504.273,1330504.273,100
27,Burkina Faso,2002,1330504.273,1330504.273,100
28,Burkina Faso,2003,1330504.273,1330504.273,99
398,Burkina Faso,2004,18256,143415,54
399,Burkina Faso,2005,21335,18256,59
400,Burkina Faso,2006,44265,21335,69
401,Burkina Faso,2007,44246,44265,62
402,Burkina Faso,2008,36514,44246,63
403,Burkina Faso,2009,182527,36514,83
404,Burkina Faso,2010,804539,182527,91
405,Burkina Faso,2011,428113,804539,90
406,Burkina Faso,2012,3858046,428113,105
407,Burkina Faso,2013,3769051,3858046,104
408,Burkina Faso,2014,5428655,3769051,104
409,Burundi,2000,308095,5428655,84
410,Burundi,2001,312015,308095,88
411,Burundi,2002,327138,312015,88
412,Burundi,2003,353459,327138,87
413,Burundi,2004,363395,353459,90
414,Burundi,2005,327464,363395,90
415,Burundi,2006,791731,327464,96
416,Burundi,2007,1101644,791731,101
417,Burundi,2008,876741,1101644,98
418,Burundi,2009,1185622,876741,101
419,Burundi,2010,1763447,1185622,105
420,Burundi,2011,1571874,1763447,100
421,Burundi,2012,2151076,1571874,100
422,Burundi,2013,4141387,2151076,106
423,Burundi,2014,4585273,4141387,103
424,Cabo Verde,2000,144,4585273,11
425,Cabo Verde,2001,107,144,11
426,Cabo Verde,2002,76,107,10
427,Cabo Verde,2003,68,76,9
428,Cabo Verde,2004,45,68,7
429,Cabo Verde,2005,68,45,12
430,Cabo Verde,2006,80,68,12
431,Cabo Verde,2007,18,80,9
432,Cabo Verde,2008,35,18,15
433,Cabo Verde,2009,65,35,17
434,Cabo Verde,2010,47,65,19
435,Cabo Verde,2011,7,47,16
436,Cabo Verde,2012,1,7,12
437,Cabo Verde,2013,22,1,21
438,Cabo Verde,2014,26,22,21
439,Cambodia,2000,62442,26,68
440,Cambodia,2001,53601,62442,68
441,Cambodia,2002,46902,53601,70
442,Cambodia,2003,71265,46902,75
443,Cambodia,2004,59745,71265,75
444,Cambodia,2005,49436,59745,75
445,Cambodia,2006,78696,49436,78
446,Cambodia,2007,42518,78696,61
447,Cambodia,2008,42124,42518,69
448,Cambodia,2009,64595,42124,72
449,Cambodia,2010,49356,64595,65
450,Cambodia,2011,57423,49356,68
451,Cambodia,2012,40476,57423,64
452,Cambodia,2013,21309,40476,56
453,Cambodia,2014,25152,21309,60
29,Cameroon,2000,20931.5,20931.5,52
30,Cameroon,2001,20931.5,20931.5,52
31,Cameroon,2002,20931.5,20931.5,54
32,Cameroon,2003,20931.5,20931.5,54
33,Cameroon,2004,20931.5,20931.5,56
34,Cameroon,2005,20931.5,20931.5,58
35,Cameroon,2006,20931.5,20931.5,56
36,Cameroon,2007,20931.5,20931.5,55
37,Cameroon,2008,20931.5,20931.5,57
38,Cameroon,2009,20931.5,20931.5,60
39,Cameroon,2010,20931.5,20931.5,53
454,Cameroon,2011,15212,25152,50
40,Cameroon,2012,20931.5,20931.5,56
455,Cameroon,2013,26651,15212,59
41,Cameroon,2014,20931.5,20931.5,59
456,Central African Republic,2000,33411,26651,59
457,Central African Republic,2001,39164,33411,64
458,Central African Republic,2002,43093,39164,67
459,Central African Republic,2003,37896,43093,64
460,Central African Republic,2004,46869,37896,71
461,Central African Republic,2005,45973,46869,72
42,Central African Republic,2006,78283.66667,78283.66667,77
43,Central African Republic,2007,78283.66667,78283.66667,72
44,Central African Republic,2008,78283.66667,78283.66667,75
45,Central African Republic,2009,78283.66667,78283.66667,75
46,Central African Republic,2010,78283.66667,78283.66667,71
47,Central African Republic,2011,78283.66667,78283.66667,72
462,Central African Republic,2012,46759,45973,66
463,Central African Republic,2013,116300,46759,72
464,Central African Republic,2014,295088,116300,79
465,Chad,2000,40078,295088,62
466,Chad,2001,38287,40078,61
467,Chad,2002,43933,38287,68
468,Chad,2003,45195,43933,69
469,Chad,2004,1360,45195,28
470,Chad,2005,31668,1360,64
471,Chad,2006,45155,31668,70
472,Chad,2007,48288,45155,65
473,Chad,2008,47757,48288,72
48,Chad,2009,171400.1429,171400.1429,82
474,Chad,2010,200448,47757,77
475,Chad,2011,181126,200448,77
476,Chad,2012,7710,181126,50
477,Chad,2013,754565,7710,85
478,Chad,2014,914032,754565,86
479,China,2000,8025,914032,35
480,China,2001,21237,8025,53
481,China,2002,24964,21237,59
482,China,2003,27870,24964,58
483,China,2004,25483,27870,59
484,China,2005,19304,25483,55
485,China,2006,33286,19304,64
486,China,2007,28112,33286,56
487,China,2008,15870,28112,54
488,China,2009,9287,15870,49
489,China,2010,4990,9287,41
490,China,2011,3367,4990,40
491,China,2012,244,3367,29
492,China,2013,86,244,25
493,China,2014,56,86,25
494,Colombia,2000,144432,56,79
495,Colombia,2001,231233,144432,84
496,Colombia,2002,204916,231233,83
497,Colombia,2003,180956,204916,83
498,Colombia,2004,142241,180956,83
499,Colombia,2005,121629,142241,83
500,Colombia,2006,120096,121629,81
501,Colombia,2007,128462,120096,79
502,Colombia,2008,80559,128462,76
503,Colombia,2009,79347,80559,76
504,Colombia,2010,117650,79347,76
505,Colombia,2011,64309,117650,69
506,Colombia,2012,60179,64309,71
507,Colombia,2013,51696,60179,67
508,Colombia,2014,40768,51696,64
509,Comoros,2000,801784,40768,92
510,Comoros,2001,879032,801784,95
511,Comoros,2002,1104310,879032,99
512,Comoros,2003,867398,1104310,95
513,Comoros,2004,12874,867398,48
514,Comoros,2005,6086,12874,40
515,Comoros,2006,20559,6086,55
49,Comoros,2007,297278.3077,297278.3077,84
50,Comoros,2008,297278.3077,297278.3077,87
516,Comoros,2009,5982,20559,44
517,Comoros,2010,36538,5982,60
518,Comoros,2011,24856,36538,56
519,Comoros,2012,49840,24856,67
520,Comoros,2013,53156,49840,68
521,Comoros,2014,2203,53156,42
522,Congo,2000,15750.8,2203,46
523,Congo,2001,11981.2,15750.8,44
524,Congo,2002,7676.5,11981.2,37
525,Congo,2003,1633.1,7676.5,27
526,Congo,2004,293,1633.1,18
527,Congo,2005,67,293,9
51,Congo,2006,47567.58462,47567.58462,71
528,Congo,2007,103213,67,75
529,Congo,2008,117291,103213,82
530,Congo,2009,92855,117291,77
52,Congo,2010,47567.58462,47567.58462,63
531,Congo,2011,37744,92855,64
532,Congo,2012,120319,37744,73
533,Congo,2013,43232,120319,65
534,Congo,2014,66323,43232,68
535,Costa Rica,2000,1879,66323,24
536,Costa Rica,2001,1363,1879,22
537,Costa Rica,2002,1021,1363,18
538,Costa Rica,2003,718,1021,21
539,Costa Rica,2004,1289,718,27
540,Costa Rica,2005,3541,1289,34
541,Costa Rica,2006,2903,3541,33
542,Costa Rica,2007,1223,2903,27
543,Costa Rica,2008,966,1223,31
544,Costa Rica,2009,262,966,24
545,Costa Rica,2010,110,262,21
546,Costa Rica,2011,10,110,19
547,Costa Rica,2012,6,10,16
548,Costa Rica,2013,0,6,4
549,Costa Rica,2014,0,0,4
550,Côte d'Ivoire,2000,15705,0,45
551,Côte d'Ivoire,2001,11936,15705,43
552,Côte d'Ivoire,2002,7628,11936,36
553,Côte d'Ivoire,2003,1585,7628,26
554,Côte d'Ivoire,2004,293,1585,19
555,Côte d'Ivoire,2005,67,293,10
53,Côte d'Ivoire,2006,577018.6154,577018.6154,92
54,Côte d'Ivoire,2007,577018.6154,577018.6154,94
556,Côte d'Ivoire,2008,3527,67,37
557,Côte d'Ivoire,2009,7388,3527,48
558,Côte d'Ivoire,2010,62726,7388,69
559,Côte d'Ivoire,2011,29976,62726,61
560,Côte d'Ivoire,2012,1140627,29976,91
561,Côte d'Ivoire,2013,2506953,1140627,100
562,Côte d'Ivoire,2014,3712831,2506953,101
563,Democratic People's Republic of Korea,2000,90582,3712831,75
564,Democratic People's Republic of Korea,2001,143674,90582,79
565,Democratic People's Republic of Korea,2002,16578,143674,50
566,Democratic People's Republic of Korea,2003,16538,16578,48
567,Democratic People's Republic of Korea,2004,27090,16538,61
568,Democratic People's Republic of Korea,2005,11315,27090,47
569,Democratic People's Republic of Korea,2006,12983,11315,48
570,Democratic People's Republic of Korea,2007,4345,12983,39
571,Democratic People's Republic of Korea,2008,16611,4345,55
572,Democratic People's Republic of Korea,2009,14632,16611,56
573,Democratic People's Republic of Korea,2010,13520,14632,47
574,Democratic People's Republic of Korea,2011,16760,13520,52
575,Democratic People's Republic of Korea,2012,21850,16760,58
576,Democratic People's Republic of Korea,2013,14407,21850,53
577,Democratic People's Republic of Korea,2014,10535,14407,49
578,Democratic Republic of the Congo,2000,897,10535,17
579,Democratic Republic of the Congo,2001,1531,897,24
580,Democratic Republic of the Congo,2002,1735,1531,24
581,Democratic Republic of the Congo,2003,2438,1735,28
582,Democratic Republic of the Congo,2004,2684,2438,32
583,Democratic Republic of the Congo,2005,2971,2684,32
584,Democratic Republic of the Congo,2006,2050,2971,30
585,Democratic Republic of the Congo,2007,740858,2050,96
586,Democratic Republic of the Congo,2008,1618218,740858,105
587,Democratic Republic of the Congo,2009,1878705,1618218,106
588,Democratic Republic of the Congo,2010,2417780,1878705,106
589,Democratic Republic of the Congo,2011,4561981,2417780,107
590,Democratic Republic of the Congo,2012,4791598,4561981,107
591,Democratic Republic of the Congo,2013,6715223,4791598,107
592,Democratic Republic of the Congo,2014,9968983,6715223,107
55,Djibouti,2000,1235.6,1235.6,20
56,Djibouti,2001,1235.6,1235.6,20
57,Djibouti,2002,1235.6,1235.6,21
593,Djibouti,2003,5036,9968983,34
594,Djibouti,2004,122,5036,13
595,Djibouti,2005,413,122,23
596,Djibouti,2006,1796,413,28
597,Djibouti,2007,210,1796,19
598,Djibouti,2008,119,210,19
599,Djibouti,2009,2686,119,36
600,Djibouti,2010,1010,2686,30
58,Djibouti,2011,1235.6,1235.6,34
601,Djibouti,2012,25,1010,21
602,Djibouti,2013,939,25,36
59,Djibouti,2014,1235.6,1235.6,38
603,Dominican Republic,2000,1233,939,19
604,Dominican Republic,2001,1038,1233,17
605,Dominican Republic,2002,1296,1038,22
606,Dominican Republic,2003,1529,1296,25
607,Dominican Republic,2004,2355,1529,30
608,Dominican Republic,2005,3837,2355,36
609,Dominican Republic,2006,3525,3837,36
610,Dominican Republic,2007,2711,3525,35
611,Dominican Republic,2008,1840,2711,34
612,Dominican Republic,2009,1643,1840,34
613,Dominican Republic,2010,3414,1643,39
614,Dominican Republic,2011,1616,3414,35
615,Dominican Republic,2012,952,1616,37
616,Dominican Republic,2013,579,952,33
617,Dominican Republic,2014,496,579,32
618,Ecuador,2000,104528,496,77
619,Ecuador,2001,108903,104528,76
620,Ecuador,2002,86757,108903,78
621,Ecuador,2003,52065,86757,71
622,Ecuador,2004,28730,52065,63
623,Ecuador,2005,17050,28730,53
624,Ecuador,2006,9863,17050,45
625,Ecuador,2007,8464,9863,44
626,Ecuador,2008,4891,8464,41
627,Ecuador,2009,4120,4891,40
628,Ecuador,2010,1888,4120,36
629,Ecuador,2011,1219,1888,33
630,Ecuador,2012,544,1219,33
631,Ecuador,2013,368,544,28
632,Ecuador,2014,241,368,26
633,Egypt,2000,0,241,1
634,Egypt,2001,0,0,1
635,Egypt,2002,0,0,1
636,Egypt,2003,0,0,1
637,Egypt,2004,0,0,1
638,Egypt,2005,0,0,1
639,Egypt,2006,0,0,2
640,Egypt,2007,0,0,2
641,Egypt,2008,0,0,2
642,Egypt,2009,0,0,3
643,Egypt,2010,0,0,2
644,Egypt,2011,0,0,2
645,Egypt,2012,0,0,3
646,Egypt,2013,0,0,5
647,Egypt,2014,22,0,20
648,El Salvador,2000,753,22,15
649,El Salvador,2001,362,753,13
650,El Salvador,2002,117,362,11
651,El Salvador,2003,85,117,11
652,El Salvador,2004,112,85,11
653,El Salvador,2005,67,112,11
654,El Salvador,2006,49,67,9
655,El Salvador,2007,40,49,13
656,El Salvador,2008,33,40,14
657,El Salvador,2009,20,33,13
658,El Salvador,2010,19,20,16
659,El Salvador,2011,9,19,17
660,El Salvador,2012,13,9,18
661,El Salvador,2013,6,13,17
662,El Salvador,2014,6,6,16
60,Equatorial Guinea,2000,19371,19371,51
61,Equatorial Guinea,2001,19371,19371,50
62,Equatorial Guinea,2002,19371,19371,52
63,Equatorial Guinea,2003,19371,19371,51
64,Equatorial Guinea,2004,19371,19371,55
65,Equatorial Guinea,2005,19371,19371,56
66,Equatorial Guinea,2006,19371,19371,53
663,Equatorial Guinea,2007,6287,6,42
664,Equatorial Guinea,2008,9503,6287,49
665,Equatorial Guinea,2009,14184,9503,55
666,Equatorial Guinea,2010,53813,14184,67
667,Equatorial Guinea,2011,22466,53813,55
668,Equatorial Guinea,2012,15169,22466,53
669,Equatorial Guinea,2013,13129,15169,52
670,Equatorial Guinea,2014,20417,13129,58
67,Eritrea,2000,16192.21429,16192.21429,47
671,Eritrea,2001,9716,20417,38
672,Eritrea,2002,6078,9716,33
673,Eritrea,2003,10346,6078,42
674,Eritrea,2004,4119,10346,37
675,Eritrea,2005,9073,4119,44
676,Eritrea,2006,6541,9073,43
677,Eritrea,2007,15565,6541,51
678,Eritrea,2008,8764,15565,48
679,Eritrea,2009,11759,8764,53
680,Eritrea,2010,35982,11759,59
681,Eritrea,2011,34848,35982,63
682,Eritrea,2012,21815,34848,57
683,Eritrea,2013,21317,21815,57
684,Eritrea,2014,30768,21317,61
68,Ethiopia,2000,992259.8571,992259.8571,96
685,Ethiopia,2001,392377,30768,90
686,Ethiopia,2002,427795,392377,91
687,Ethiopia,2003,463797,427795,90
688,Ethiopia,2004,578904,463797,94
689,Ethiopia,2005,538942,578904,91
690,Ethiopia,2006,447780,538942,88
691,Ethiopia,2007,451816,447780,89
692,Ethiopia,2008,458561,451816,92
693,Ethiopia,2009,1036316,458561,98
694,Ethiopia,2010,1158197,1036316,98
695,Ethiopia,2011,1480306,1158197,99
696,Ethiopia,2012,1692578,1480306,97
697,Ethiopia,2013,2645454,1692578,101
698,Ethiopia,2014,2118815,2645454,95
699,Gabon,2000,50810,2118815,65
700,Gabon,2001,53167,50810,67
701,Gabon,2002,62976,53167,74
702,Gabon,2003,58212,62976,74
703,Gabon,2004,70075,58212,76
704,Gabon,2005,70644,70075,78
705,Gabon,2006,33458,70644,65
706,Gabon,2007,45186,33458,64
707,Gabon,2008,40701,45186,68
708,Gabon,2009,660,40701,28
709,Gabon,2010,13936,660,49
69,Gabon,2011,41461.42857,41461.42857,65
710,Gabon,2012,19753,13936,55
711,Gabon,2013,28982,19753,60
712,Gabon,2014,31900,28982,62
70,Gambia,2000,167892.2857,167892.2857,80
71,Gambia,2001,167892.2857,167892.2857,81
72,Gambia,2002,167892.2857,167892.2857,81
73,Gambia,2003,167892.2857,167892.2857,81
74,Gambia,2004,167892.2857,167892.2857,85
75,Gambia,2005,167892.2857,167892.2857,86
76,Gambia,2006,167892.2857,167892.2857,83
77,Gambia,2007,167892.2857,167892.2857,81
713,Gambia,2008,39164,31900,66
714,Gambia,2009,50378,39164,69
715,Gambia,2010,116353,50378,75
716,Gambia,2011,261967,116353,81
717,Gambia,2012,300363,261967,80
718,Gambia,2013,240792,300363,75
719,Gambia,2014,166229,240792,74
720,Georgia,2000,245,166229,12
721,Georgia,2001,438,245,14
722,Georgia,2002,474,438,13
723,Georgia,2003,316,474,13
724,Georgia,2004,257,316,17
725,Georgia,2005,155,257,15
726,Georgia,2006,59,155,10
727,Georgia,2007,24,59,10
728,Georgia,2008,6,24,8
729,Georgia,2009,1,6,10
730,Georgia,2010,0,1,3
731,Georgia,2011,0,0,3
732,Georgia,2012,0,0,4
733,Georgia,2013,0,0,6
734,Georgia,2014,0,0,5
78,Ghana,2000,1381959.273,1381959.273,100
79,Ghana,2001,1381959.273,1381959.273,101
80,Ghana,2002,1381959.273,1381959.273,101
81,Ghana,2003,1381959.273,1381959.273,100
735,Ghana,2004,475441,0,92
736,Ghana,2005,655093,475441,95
737,Ghana,2006,472255,655093,89
738,Ghana,2007,476484,472255,91
739,Ghana,2008,1094483,476484,101
740,Ghana,2009,1104370,1094483,100
741,Ghana,2010,1071637,1104370,97
742,Ghana,2011,1041260,1071637,97
743,Ghana,2012,3755166,1041260,104
744,Ghana,2013,1639451,3755166,95
745,Ghana,2014,3415912,1639451,99
746,Guatemala,2000,53311,3415912,66
747,Guatemala,2001,35824,53311,60
748,Guatemala,2002,35540,35824,63
749,Guatemala,2003,31127,35540,60
750,Guatemala,2004,28955,31127,65
751,Guatemala,2005,39571,28955,67
752,Guatemala,2006,31093,39571,61
753,Guatemala,2007,15382,31093,50
754,Guatemala,2008,7198,15382,44
755,Guatemala,2009,7080,7198,47
756,Guatemala,2010,7384,7080,43
757,Guatemala,2011,6817,7384,44
758,Guatemala,2012,5346,6817,44
759,Guatemala,2013,6214,5346,46
760,Guatemala,2014,4931,6214,46
761,Guinea,2000,4800,4931,28
762,Guinea,2001,6238,4800,33
763,Guinea,2002,16561,6238,49
764,Guinea,2003,107925,16561,79
765,Guinea,2004,103069,107925,81
766,Guinea,2005,50452,103069,76
767,Guinea,2006,54227,50452,73
768,Guinea,2007,44518,54227,63
769,Guinea,2008,33405,44518,62
770,Guinea,2009,35841,33405,65
771,Guinea,2010,20936,35841,54
772,Guinea,2011,95574,20936,75
773,Guinea,2012,317200,95574,81
774,Guinea,2013,211257,317200,74
775,Guinea,2014,660207,211257,83
82,Guinea-Bissau,2000,38788.8,38788.8,61
83,Guinea-Bissau,2001,38788.8,38788.8,63
84,Guinea-Bissau,2002,38788.8,38788.8,64
85,Guinea-Bissau,2003,38788.8,38788.8,65
86,Guinea-Bissau,2004,38788.8,38788.8,67
776,Guinea-Bissau,2005,14659,660207,51
777,Guinea-Bissau,2006,15120,14659,50
778,Guinea-Bissau,2007,14284,15120,48
779,Guinea-Bissau,2008,11299,14284,51
780,Guinea-Bissau,2009,11757,11299,52
781,Guinea-Bissau,2010,50391,11757,66
782,Guinea-Bissau,2011,71982,50391,70
783,Guinea-Bissau,2012,50381,71982,68
784,Guinea-Bissau,2013,54584,50381,69
785,Guinea-Bissau,2014,93431,54584,71
786,Guyana,2000,24018,93431,55
787,Guyana,2001,27122,24018,58
788,Guyana,2002,21895,27122,56
789,Guyana,2003,27627,21895,57
790,Guyana,2004,28866,27627,64
791,Guyana,2005,38984,28866,66
792,Guyana,2006,21064,38984,57
793,Guyana,2007,11656,21064,46
794,Guyana,2008,11815,11656,53
795,Guyana,2009,13673,11815,54
796,Guyana,2010,22935,13673,55
797,Guyana,2011,29506,22935,60
798,Guyana,2012,31656,29506,62
799,Guyana,2013,31479,31656,61
800,Guyana,2014,12354,31479,52
801,Haiti,2000,16897,12354,48
802,Haiti,2001,9837,16897,39
87,Haiti,2002,29921.53846,29921.53846,62
88,Haiti,2003,29921.53846,29921.53846,59
803,Haiti,2004,10802,9837,46
804,Haiti,2005,21778,10802,61
805,Haiti,2006,32739,21778,62
806,Haiti,2007,29825,32739,57
807,Haiti,2008,36774,29825,64
808,Haiti,2009,49535,36774,68
809,Haiti,2010,84153,49535,72
810,Haiti,2011,32969,84153,62
811,Haiti,2012,25423,32969,60
812,Haiti,2013,20586,25423,55
813,Haiti,2014,17662,20586,56
814,Honduras,2000,35125,17662,60
815,Honduras,2001,24149,35125,55
816,Honduras,2002,17223,24149,51
817,Honduras,2003,14063,17223,46
818,Honduras,2004,17134,14063,53
819,Honduras,2005,15943,17134,52
820,Honduras,2006,11947,15943,46
821,Honduras,2007,10512,11947,45
822,Honduras,2008,8368,10512,47
823,Honduras,2009,9313,8368,50
824,Honduras,2010,9685,9313,46
825,Honduras,2011,7465,9685,46
826,Honduras,2012,6439,7465,46
827,Honduras,2013,5428,6439,45
828,Honduras,2014,3380,5428,44
829,India,2000,2031790,3380,105
830,India,2001,2085484,2031790,105
831,India,2002,1841227,2085484,104
832,India,2003,1869403,1841227,103
833,India,2004,1915363,1869403,103
834,India,2005,1816569,1915363,103
835,India,2006,1785109,1816569,103
836,India,2007,1508927,1785109,102
837,India,2008,1532497,1508927,104
838,India,2009,1563574,1532497,104
839,India,2010,1599986,1563574,103
840,India,2011,1310656,1599986,98
841,India,2012,1067824,1310656,90
842,India,2013,881730,1067824,86
843,India,2014,1102205,881730,89
844,Indonesia,2000,256993,1102205,82
845,Indonesia,2001,267592,256993,86
846,Indonesia,2002,273793,267592,85
847,Indonesia,2003,223065,273793,84
848,Indonesia,2004,304936,223065,88
849,Indonesia,2005,315394,304936,89
850,Indonesia,2006,347597,315394,87
851,Indonesia,2007,333792,347597,86
852,Indonesia,2008,266277,333792,86
853,Indonesia,2009,418439,266277,89
854,Indonesia,2010,465764,418439,85
855,Indonesia,2011,422447,465764,88
856,Indonesia,2012,417819,422447,83
857,Indonesia,2013,343527,417819,80
858,Indonesia,2014,252027,343527,75
859,Iran (Islamic Republic of),2000,12294,252027,40
860,Iran (Islamic Republic of),2001,8924,12294,37
861,Iran (Islamic Republic of),2002,9122,8924,39
862,Iran (Islamic Republic of),2003,17060,9122,49
863,Iran (Islamic Republic of),2004,7602,17060,43
864,Iran (Islamic Republic of),2005,14396,7602,50
865,Iran (Islamic Republic of),2006,13127,14396,49
866,Iran (Islamic Republic of),2007,13278,13127,47
867,Iran (Islamic Republic of),2008,8349,13278,46
868,Iran (Islamic Republic of),2009,4345,8349,42
869,Iran (Islamic Republic of),2010,1847,4345,35
870,Iran (Islamic Republic of),2011,1632,1847,36
871,Iran (Islamic Republic of),2012,756,1632,34
872,Iran (Islamic Republic of),2013,479,756,31
873,Iran (Islamic Republic of),2014,358,479,30
874,Iraq,2000,1860,358,23
875,Iraq,2001,1265,1860,21
876,Iraq,2002,952,1265,17
877,Iraq,2003,344,952,15
878,Iraq,2004,150,344,15
879,Iraq,2005,44,150,8
880,Iraq,2006,23,44,7
881,Iraq,2007,2,23,6
882,Iraq,2008,2,2,6
883,Iraq,2009,0,2,4
884,Iraq,2010,0,0,4
885,Iraq,2011,0,0,4
886,Iraq,2012,0,0,5
887,Iraq,2013,0,0,7
888,Iraq,2014,0,0,6
889,Jamaica,2000,7,0,5
890,Jamaica,2001,6,7,4
891,Jamaica,2002,7,6,4
892,Jamaica,2003,9,7,7
893,Jamaica,2004,141,9,14
894,Jamaica,2005,88,141,13
895,Jamaica,2006,194,88,16
896,Jamaica,2007,199,194,18
897,Jamaica,2008,22,199,13
898,Jamaica,2009,22,22,14
899,Jamaica,2010,12,22,13
900,Jamaica,2011,9,12,18
901,Jamaica,2012,5,9,14
89,Jamaica,2013,55.46153846,55.46153846,24
90,Jamaica,2014,55.46153846,55.46153846,24
91,Kenya,2000,1047409.667,1047409.667,97
92,Kenya,2001,1047409.667,1047409.667,98
902,Kenya,2002,20049,5,53
903,Kenya,2003,39383,20049,67
904,Kenya,2004,28328,39383,62
93,Kenya,2005,1047409.667,1047409.667,100
94,Kenya,2006,1047409.667,1047409.667,100
95,Kenya,2007,1047409.667,1047409.667,100
905,Kenya,2008,839903,28328,97
96,Kenya,2009,1047409.667,1047409.667,99
906,Kenya,2010,898531,839903,93
907,Kenya,2011,1002805,898531,96
908,Kenya,2012,1453471,1002805,93
909,Kenya,2013,2335286,1453471,98
910,Kenya,2014,2808931,2335286,97
911,Kyrgyzstan,2000,12,2808931,6
912,Kyrgyzstan,2001,28,12,7
913,Kyrgyzstan,2002,2743,28,27
914,Kyrgyzstan,2003,468,2743,16
915,Kyrgyzstan,2004,93,468,10
916,Kyrgyzstan,2005,226,93,18
917,Kyrgyzstan,2006,317,226,19
918,Kyrgyzstan,2007,96,317,15
919,Kyrgyzstan,2008,18,96,12
920,Kyrgyzstan,2009,4,18,11
921,Kyrgyzstan,2010,3,4,11
922,Kyrgyzstan,2011,0,3,5
923,Kyrgyzstan,2012,0,0,6
924,Kyrgyzstan,2013,0,0,8
925,Kyrgyzstan,2014,0,0,7
926,Lao People's Democratic Republic,2000,40106,0,63
927,Lao People's Democratic Republic,2001,27076,40106,57
928,Lao People's Democratic Republic,2002,21420,27076,55
929,Lao People's Democratic Republic,2003,18894,21420,50
930,Lao People's Democratic Republic,2004,16183,18894,52
931,Lao People's Democratic Republic,2005,13615,16183,49
932,Lao People's Democratic Republic,2006,18382,13615,52
933,Lao People's Democratic Republic,2007,17458,18382,54
934,Lao People's Democratic Republic,2008,19347,17458,56
935,Lao People's Democratic Republic,2009,14674,19347,57
936,Lao People's Democratic Republic,2010,20800,14674,52
937,Lao People's Democratic Republic,2011,17835,20800,53
938,Lao People's Democratic Republic,2012,46202,17835,65
939,Lao People's Democratic Republic,2013,38131,46202,63
940,Lao People's Democratic Republic,2014,48071,38131,65
97,Liberia,2000,909890.9,909890.9,94
98,Liberia,2001,909890.9,909890.9,96
99,Liberia,2002,909890.9,909890.9,97
100,Liberia,2003,909890.9,909890.9,96
101,Liberia,2004,909890.9,909890.9,99
941,Liberia,2005,44875,48071,70
942,Liberia,2006,761415,44875,95
943,Liberia,2007,492272,761415,92
944,Liberia,2008,606952,492272,95
945,Liberia,2009,839581,606952,95
946,Liberia,2010,922173,839581,95
947,Liberia,2011,1915762,922173,103
948,Liberia,2012,1407455,1915762,92
949,Liberia,2013,1244220,1407455,90
950,Liberia,2014,864204,1244220,85
951,Madagascar,2000,6946,864204,32
952,Madagascar,2001,8538,6946,36
953,Madagascar,2002,5272,8538,32
954,Madagascar,2003,6909,5272,38
955,Madagascar,2004,7638,6909,44
956,Madagascar,2005,6753,7638,42
957,Madagascar,2006,5689,6753,42
958,Madagascar,2007,48497,5689,66
959,Madagascar,2008,93234,48497,80
960,Madagascar,2009,215110,93234,84
961,Madagascar,2010,202450,215110,78
962,Madagascar,2011,224498,202450,79
963,Madagascar,2012,359420,224498,82
964,Madagascar,2013,387045,359420,82
965,Madagascar,2014,365239,387045,81
102,Malawi,2000,1513921.25,1513921.25,102
103,Malawi,2001,1513921.25,1513921.25,102
104,Malawi,2002,1513921.25,1513921.25,102
105,Malawi,2003,1513921.25,1513921.25,101
106,Malawi,2004,1513921.25,1513921.25,101
107,Malawi,2005,1513921.25,1513921.25,102
108,Malawi,2006,1513921.25,1513921.25,102
109,Malawi,2007,1513921.25,1513921.25,103
110,Malawi,2008,1513921.25,1513921.25,103
111,Malawi,2009,1513921.25,1513921.25,103
112,Malawi,2010,1513921.25,1513921.25,100
966,Malawi,2011,304499,365239,84
967,Malawi,2012,1564984,304499,96
968,Malawi,2013,1280892,1564984,91
969,Malawi,2014,2905310,1280892,98
970,Malaysia,2000,12705,2905310,41
971,Malaysia,2001,12780,12705,45
972,Malaysia,2002,11019,12780,41
973,Malaysia,2003,6338,11019,36
974,Malaysia,2004,6154,6338,41
975,Malaysia,2005,5569,6154,39
976,Malaysia,2006,5294,5569,41
977,Malaysia,2007,4048,5294,37
978,Malaysia,2008,6071,4048,42
979,Malaysia,2009,5955,6071,43
980,Malaysia,2010,5194,5955,42
981,Malaysia,2011,3954,5194,42
982,Malaysia,2012,3662,3954,42
983,Malaysia,2013,2921,3662,42
984,Malaysia,2014,3147,2921,43
113,Mali,2000,965614,965614,95
114,Mali,2001,965614,965614,97
115,Mali,2002,965614,965614,98
116,Mali,2003,965614,965614,98
117,Mali,2004,965614,965614,100
118,Mali,2005,965614,965614,99
119,Mali,2006,965614,965614,99
120,Mali,2007,965614,965614,98
121,Mali,2008,965614,965614,99
122,Mali,2009,965614,965614,97
985,Mali,2010,227482,3147,79
986,Mali,2011,307035,227482,85
987,Mali,2012,886482,307035,89
988,Mali,2013,1367218,886482,92
989,Mali,2014,2039853,1367218,94
123,Mauritania,2000,3316.625,3316.625,25
124,Mauritania,2001,3316.625,3316.625,29
125,Mauritania,2002,3316.625,3316.625,29
126,Mauritania,2003,3316.625,3316.625,29
127,Mauritania,2004,3316.625,3316.625,33
128,Mauritania,2005,3316.625,3316.625,33
990,Mauritania,2006,1061,2039853,24
129,Mauritania,2007,3316.625,3316.625,36
991,Mauritania,2008,302,1061,22
992,Mauritania,2009,940,302,31
993,Mauritania,2010,1994,940,37
994,Mauritania,2011,2926,1994,39
995,Mauritania,2012,1888,2926,39
996,Mauritania,2013,1587,1888,39
997,Mauritania,2014,15835,1587,54
998,Mexico,2000,7390,15835,33
999,Mexico,2001,4996,7390,31
1000,Mexico,2002,4624,4996,31
1001,Mexico,2003,3819,4624,31
1002,Mexico,2004,3406,3819,34
1003,Mexico,2005,2967,3406,31
1004,Mexico,2006,2514,2967,32
1005,Mexico,2007,2361,2514,33
1006,Mexico,2008,2357,2361,35
1007,Mexico,2009,2703,2357,37
1008,Mexico,2010,1226,2703,32
1009,Mexico,2011,1124,1226,32
1010,Mexico,2012,833,1124,35
1011,Mexico,2013,495,833,32
1012,Mexico,2014,656,495,34
130,Mozambique,2000,1945719.125,1945719.125,104
131,Mozambique,2001,1945719.125,1945719.125,104
132,Mozambique,2002,1945719.125,1945719.125,105
133,Mozambique,2003,1945719.125,1945719.125,104
134,Mozambique,2004,1945719.125,1945719.125,104
135,Mozambique,2005,1945719.125,1945719.125,104
136,Mozambique,2006,1945719.125,1945719.125,105
1013,Mozambique,2007,141663,656,80
1014,Mozambique,2008,120259,141663,83
1015,Mozambique,2009,93874,120259,78
1016,Mozambique,2010,1522577,93874,101
1017,Mozambique,2011,1756874,1522577,102
1018,Mozambique,2012,1813984,1756874,98
1019,Mozambique,2013,2998874,1813984,103
1020,Mozambique,2014,7117648,2998874,105
1021,Myanmar,2000,120083,7117648,78
1022,Myanmar,2001,170502,120083,82
1023,Myanmar,2002,173096,170502,82
1024,Myanmar,2003,177530,173096,82
1025,Myanmar,2004,152070,177530,84
1026,Myanmar,2005,165737,152070,85
1027,Myanmar,2006,203071,165737,84
1028,Myanmar,2007,373958,203071,87
1029,Myanmar,2008,447073,373958,91
1030,Myanmar,2009,436068,447073,90
1031,Myanmar,2010,420808,436068,84
1032,Myanmar,2011,465294,420808,91
1033,Myanmar,2012,480586,465294,84
1034,Myanmar,2013,251273,480586,76
1035,Myanmar,2014,152195,251273,73
137,Namibia,2000,14447.21429,14447.21429,42
1036,Namibia,2001,41636,152195,65
1037,Namibia,2002,23984,41636,58
1038,Namibia,2003,20295,23984,52
1039,Namibia,2004,36043,20295,66
1040,Namibia,2005,23339,36043,62
1041,Namibia,2006,27690,23339,59
1042,Namibia,2007,4242,27690,38
1043,Namibia,2008,1092,4242,33
1044,Namibia,2009,505,1092,25
1045,Namibia,2010,556,505,27
1046,Namibia,2011,1860,556,38
1047,Namibia,2012,194,1860,28
1048,Namibia,2013,4911,194,44
1049,Namibia,2014,15914,4911,55
1050,Nepal,2000,7981,15914,34
1051,Nepal,2001,6396,7981,34
1052,Nepal,2002,12750,6396,42
1053,Nepal,2003,9506,12750,41
1054,Nepal,2004,4895,9506,38
1055,Nepal,2005,5050,4895,38
1056,Nepal,2006,4969,5050,39
1057,Nepal,2007,5621,4969,41
1058,Nepal,2008,3888,5621,39
1059,Nepal,2009,3335,3888,39
1060,Nepal,2010,3894,3335,40
1061,Nepal,2011,3414,3894,41
1062,Nepal,2012,2092,3414,40
1063,Nepal,2013,1974,2092,40
1064,Nepal,2014,1469,1974,40
1065,Nicaragua,2000,23878,1469,54
1066,Nicaragua,2001,10482,23878,40
1067,Nicaragua,2002,7695,10482,38
1068,Nicaragua,2003,6717,7695,37
1069,Nicaragua,2004,6897,6717,42
1070,Nicaragua,2005,6642,6897,41
1071,Nicaragua,2006,3114,6642,34
1072,Nicaragua,2007,1356,3114,30
1073,Nicaragua,2008,762,1356,29
1074,Nicaragua,2009,610,762,27
1075,Nicaragua,2010,692,610,29
1076,Nicaragua,2011,925,692,31
1077,Nicaragua,2012,1235,925,38
1078,Nicaragua,2013,1194,1235,38
1079,Nicaragua,2014,1163,1194,37
138,Niger,2000,766297.6667,766297.6667,91
139,Niger,2001,766297.6667,766297.6667,93
140,Niger,2002,766297.6667,766297.6667,95
1080,Niger,2003,56460,1163,73
1081,Niger,2004,76030,56460,77
1082,Niger,2005,56043,76030,77
1083,Niger,2006,3956,56043,37
1084,Niger,2007,249027,3956,83
1085,Niger,2008,496858,249027,93
1086,Niger,2009,309675,496858,86
1087,Niger,2010,620058,309675,88
1088,Niger,2011,780876,620058,95
1089,Niger,2012,2239858,780876,101
1090,Niger,2013,2353422,2239858,99
1091,Niger,2014,1953309,2353422,93
141,Nigeria,2000,2952662,2952662,106
142,Nigeria,2001,2952662,2952662,106
143,Nigeria,2002,2952662,2952662,106
144,Nigeria,2003,2952662,2952662,106
145,Nigeria,2004,2952662,2952662,106
146,Nigeria,2005,2952662,2952662,106
147,Nigeria,2006,2952662,2952662,106
148,Nigeria,2007,2952662,2952662,106
149,Nigeria,2008,2952662,2952662,106
1092,Nigeria,2009,479845,1953309,91
1093,Nigeria,2010,551187,479845,86
150,Nigeria,2011,2952662,2952662,105
151,Nigeria,2012,2952662,2952662,103
152,Nigeria,2013,2952662,2952662,102
1094,Nigeria,2014,7826954,551187,106
1095,Oman,2000,6,7826954,3
1096,Oman,2001,2,6,2
1097,Oman,2002,6,2,3
1098,Oman,2003,6,6,5
1099,Oman,2004,0,6,2
1100,Oman,2005,0,0,2
1101,Oman,2006,0,0,3
1102,Oman,2007,4,0,7
1103,Oman,2008,8,4,10
1104,Oman,2009,0,8,5
1105,Oman,2010,24,0,17
1106,Oman,2011,0,24,6
1107,Oman,2012,0,0,7
1108,Oman,2013,0,0,9
1109,Oman,2014,0,0,8
1110,Pakistan,2000,82526,0,74
1111,Pakistan,2001,125292,82526,77
1112,Pakistan,2002,107666,125292,80
1113,Pakistan,2003,122560,107666,80
1114,Pakistan,2004,125618,122560,82
1115,Pakistan,2005,127536,125618,84
1116,Pakistan,2006,123761,127536,82
1117,Pakistan,2007,128380,123761,78
1118,Pakistan,2008,104334,128380,81
1119,Pakistan,2009,167579,104334,81
1120,Pakistan,2010,240591,167579,80
1121,Pakistan,2011,334589,240591,87
1122,Pakistan,2012,290781,334589,79
1123,Pakistan,2013,281755,290781,79
1124,Pakistan,2014,275149,281755,77
1125,Panama,2000,1036,275149,18
1126,Panama,2001,928,1036,16
1127,Panama,2002,2244,928,26
1128,Panama,2003,4500,2244,33
1129,Panama,2004,5095,4500,39
1130,Panama,2005,3667,5095,35
1131,Panama,2006,1663,3667,27
1132,Panama,2007,1281,1663,28
1133,Panama,2008,744,1281,28
1134,Panama,2009,778,744,29
1135,Panama,2010,418,778,25
1136,Panama,2011,354,418,27
1137,Panama,2012,844,354,36
1138,Panama,2013,705,844,34
1139,Panama,2014,874,705,35
1140,Papua New Guinea,2000,79839,874,73
1141,Papua New Guinea,2001,94484,79839,75
1142,Papua New Guinea,2002,75748,94484,77
1143,Papua New Guinea,2003,72620,75748,76
1144,Papua New Guinea,2004,91055,72620,79
1145,Papua New Guinea,2005,92957,91055,81
1146,Papua New Guinea,2006,93938,92957,80
1147,Papua New Guinea,2007,86955,93938,73
1148,Papua New Guinea,2008,84452,86955,78
1149,Papua New Guinea,2009,77758,84452,74
1150,Papua New Guinea,2010,93956,77758,73
1151,Papua New Guinea,2011,84060,93956,73
1152,Papua New Guinea,2012,150195,84060,74
1153,Papua New Guinea,2013,279994,150195,78
1154,Papua New Guinea,2014,281182,279994,78
1155,Paraguay,2000,6853,281182,31
1156,Paraguay,2001,2710,6853,28
1157,Paraguay,2002,2778,2710,28
1158,Paraguay,2003,1392,2778,24
1159,Paraguay,2004,694,1392,24
1160,Paraguay,2005,376,694,22
1161,Paraguay,2006,823,376,22
1162,Paraguay,2007,1341,823,29
1163,Paraguay,2008,348,1341,25
1164,Paraguay,2009,91,348,20
1165,Paraguay,2010,18,91,15
1166,Paraguay,2011,1,18,12
1167,Paraguay,2012,0,1,8
1168,Paraguay,2013,0,0,10
1169,Paraguay,2014,0,0,9
1170,Peru,2000,68321,0,70
1171,Peru,2001,78544,68321,74
1172,Peru,2002,99237,78544,79
1173,Peru,2003,88408,99237,77
1174,Peru,2004,93581,88408,80
1175,Peru,2005,87699,93581,80
1176,Peru,2006,64925,87699,75
1177,Peru,2007,50797,64925,67
1178,Peru,2008,44522,50797,71
1179,Peru,2009,42645,44522,66
1180,Peru,2010,31546,42645,57
1181,Peru,2011,25039,31546,58
1182,Peru,2012,31570,25039,61
1183,Peru,2013,43468,31570,66
1184,Peru,2014,64676,43468,67
153,Philippines,2000,23496.81818,23496.81818,53
154,Philippines,2001,23496.81818,23496.81818,54
155,Philippines,2002,23496.81818,23496.81818,57
156,Philippines,2003,23496.81818,23496.81818,55
1185,Philippines,2004,50850,64676,73
1186,Philippines,2005,46342,50850,73
1187,Philippines,2006,35405,46342,66
1188,Philippines,2007,36235,35405,59
1189,Philippines,2008,23655,36235,58
1190,Philippines,2009,19316,23655,59
1191,Philippines,2010,18560,19316,51
1192,Philippines,2011,9552,18560,48
1193,Philippines,2012,7133,9552,48
1194,Philippines,2013,6514,7133,47
1195,Philippines,2014,4903,6514,45
1196,Republic of Korea,2000,4183,4903,26
1197,Republic of Korea,2001,2556,4183,27
1198,Republic of Korea,2002,1799,2556,25
1199,Republic of Korea,2003,1171,1799,23
1200,Republic of Korea,2004,864,1171,25
1201,Republic of Korea,2005,1369,864,25
1202,Republic of Korea,2006,2051,1369,31
1203,Republic of Korea,2007,2227,2051,32
1204,Republic of Korea,2008,1052,2227,32
1205,Republic of Korea,2009,898,1052,30
1206,Republic of Korea,2010,1267,898,33
1207,Republic of Korea,2011,505,1267,29
1208,Republic of Korea,2012,394,505,32
1209,Republic of Korea,2013,383,394,29
1210,Republic of Korea,2014,557,383,33
1211,Russian Federation,2000,795,557,16
1212,Russian Federation,2001,898,795,15
1213,Russian Federation,2002,642,898,15
1214,Russian Federation,2003,533,642,18
1215,Russian Federation,2004,382,533,21
1216,Russian Federation,2005,205,382,17
1217,Russian Federation,2006,102,205,13
1218,Russian Federation,2007,0,102,3
1219,Russian Federation,2008,0,0,3
1220,Russian Federation,2009,0,0,6
1221,Russian Federation,2010,0,0,5
1222,Russian Federation,2011,0,0,7
157,Russian Federation,2012,296.4166667,296.4166667,30
158,Russian Federation,2013,296.4166667,296.4166667,27
159,Russian Federation,2014,296.4166667,296.4166667,28
160,Rwanda,2000,616538.6429,616538.6429,90
1223,Rwanda,2001,423493,0,91
1224,Rwanda,2002,506028,423493,92
1225,Rwanda,2003,553150,506028,91
1226,Rwanda,2004,589315,553150,95
1227,Rwanda,2005,683769,589315,96
1228,Rwanda,2006,573686,683769,91
1229,Rwanda,2007,382686,573686,88
1230,Rwanda,2008,316242,382686,89
1231,Rwanda,2009,698745,316242,93
1232,Rwanda,2010,638669,698745,89
1233,Rwanda,2011,208858,638669,78
1234,Rwanda,2012,483470,208858,85
1235,Rwanda,2013,962618,483470,88
1236,Rwanda,2014,1610812,962618,92
1237,Sao Tome and Principe,2000,31975,1610812,58
1238,Sao Tome and Principe,2001,42086,31975,66
1239,Sao Tome and Principe,2002,50586,42086,72
1240,Sao Tome and Principe,2003,42656,50586,68
1241,Sao Tome and Principe,2004,46486,42656,69
1242,Sao Tome and Principe,2005,18139,46486,54
1243,Sao Tome and Principe,2006,5146,18139,40
1244,Sao Tome and Principe,2007,2421,5146,34
1245,Sao Tome and Principe,2008,6258,2421,43
1246,Sao Tome and Principe,2009,6182,6258,46
1247,Sao Tome and Principe,2010,2740,6182,38
1248,Sao Tome and Principe,2011,8442,2740,47
1249,Sao Tome and Principe,2012,12550,8442,52
1250,Sao Tome and Principe,2013,9243,12550,51
1251,Sao Tome and Principe,2014,1754,9243,41
1252,Saudi Arabia,2000,4736,1754,27
1253,Saudi Arabia,2001,1603,4736,25
1254,Saudi Arabia,2002,1210,1603,20
1255,Saudi Arabia,2003,700,1210,20
1256,Saudi Arabia,2004,308,700,20
1257,Saudi Arabia,2005,204,308,16
1258,Saudi Arabia,2006,270,204,18
1259,Saudi Arabia,2007,467,270,23
1260,Saudi Arabia,2008,61,467,17
1261,Saudi Arabia,2009,58,61,16
1262,Saudi Arabia,2010,29,58,18
1263,Saudi Arabia,2011,69,29,22
1264,Saudi Arabia,2012,82,69,26
1265,Saudi Arabia,2013,34,82,23
1266,Saudi Arabia,2014,30,34,22
1267,Senegal,2000,44959,30,64
1268,Senegal,2001,12920,44959,46
1269,Senegal,2002,14425,12920,46
1270,Senegal,2003,26865,14425,56
1271,Senegal,2004,22234,26865,57
1272,Senegal,2005,33160,22234,65
1273,Senegal,2006,48070,33160,72
1274,Senegal,2007,118332,48070,77
1275,Senegal,2008,241926,118332,85
1276,Senegal,2009,165933,241926,80
1277,Senegal,2010,343670,165933,83
1278,Senegal,2011,277326,343670,83
1279,Senegal,2012,281080,277326,78
1280,Senegal,2013,345889,281080,81
1281,Senegal,2014,265624,345889,76
161,Sierra Leone,2000,539208.3846,539208.3846,87
1282,Sierra Leone,2001,2206,265624,26
1283,Sierra Leone,2002,3702,2206,30
1284,Sierra Leone,2003,3945,3702,32
1285,Sierra Leone,2004,2206,3945,29
1286,Sierra Leone,2005,4808,2206,37
1287,Sierra Leone,2006,4932,4808,38
162,Sierra Leone,2007,539208.3846,539208.3846,93
1288,Sierra Leone,2008,154459,4932,84
1289,Sierra Leone,2009,646808,154459,92
1290,Sierra Leone,2010,934028,646808,96
1291,Sierra Leone,2011,638859,934028,94
1292,Sierra Leone,2012,1537322,638859,95
1293,Sierra Leone,2013,1701958,1537322,96
1294,Sierra Leone,2014,1374476,1701958,91
1295,Solomon Islands,2000,68107,1374476,69
1296,Solomon Islands,2001,76493,68107,73
1297,Solomon Islands,2002,74936,76493,75
1298,Solomon Islands,2003,92227,74936,78
1299,Solomon Islands,2004,90297,92227,78
1300,Solomon Islands,2005,76390,90297,79
1301,Solomon Islands,2006,75337,76390,76
1302,Solomon Islands,2007,65404,75337,70
1303,Solomon Islands,2008,40535,65404,67
1304,Solomon Islands,2009,33002,40535,63
1305,Solomon Islands,2010,39704,33002,61
1306,Solomon Islands,2011,26657,39704,59
1307,Solomon Islands,2012,24383,26657,59
1308,Solomon Islands,2013,25609,24383,58
1309,Solomon Islands,2014,18404,25609,57
163,Somalia,2000,14920.69231,14920.69231,43
164,Somalia,2001,14920.69231,14920.69231,47
1310,Somalia,2002,15732,18404,48
1311,Somalia,2003,7571,15732,39
1312,Somalia,2004,11436,7571,47
1313,Somalia,2005,12516,11436,48
1314,Somalia,2006,16430,12516,51
1315,Somalia,2007,16675,16430,53
1316,Somalia,2008,36905,16675,65
1317,Somalia,2009,25202,36905,61
1318,Somalia,2010,24553,25202,56
1319,Somalia,2011,1724,24553,37
1320,Somalia,2012,6817,1724,47
1321,Somalia,2013,7407,6817,49
1322,Somalia,2014,11001,7407,50
165,South Africa,2000,10926.14286,10926.14286,37
1323,South Africa,2001,26506,11001,56
1324,South Africa,2002,15649,26506,47
1325,South Africa,2003,13459,15649,45
1326,South Africa,2004,13399,13459,49
1327,South Africa,2005,7755,13399,43
1328,South Africa,2006,12098,7755,47
1329,South Africa,2007,6327,12098,43
1330,South Africa,2008,7796,6327,45
1331,South Africa,2009,6072,7796,45
1332,South Africa,2010,8060,6072,44
1333,South Africa,2011,9866,8060,49
1334,South Africa,2012,5629,9866,45
1335,South Africa,2013,8645,5629,50
1336,South Africa,2014,11705,8645,51
166,South Sudan,2000,310441.8,310441.8,85
167,South Sudan,2001,310441.8,310441.8,87
168,South Sudan,2002,310441.8,310441.8,87
169,South Sudan,2003,310441.8,310441.8,86
170,South Sudan,2004,310441.8,310441.8,89
171,South Sudan,2005,310441.8,310441.8,88
172,South Sudan,2006,310441.8,310441.8,86
173,South Sudan,2007,310441.8,310441.8,85
1337,South Sudan,2008,52011,11705,74
174,South Sudan,2009,310441.8,310441.8,87
1338,South Sudan,2010,900283,52011,94
1339,South Sudan,2011,112024,900283,76
1340,South Sudan,2012,225371,112024,75
1341,South Sudan,2013,262520,225371,77
175,South Sudan,2014,310441.8,310441.8,80
1342,Sri Lanka,2000,210039,262520,81
1343,Sri Lanka,2001,66522,210039,71
1344,Sri Lanka,2002,41411,66522,65
1345,Sri Lanka,2003,10510,41411,43
1346,Sri Lanka,2004,3720,10510,36
1347,Sri Lanka,2005,1640,3720,27
1348,Sri Lanka,2006,591,1640,20
1349,Sri Lanka,2007,198,591,17
1350,Sri Lanka,2008,649,198,27
1351,Sri Lanka,2009,531,649,26
1352,Sri Lanka,2010,684,531,28
1353,Sri Lanka,2011,124,684,24
1354,Sri Lanka,2012,23,124,20
1355,Sri Lanka,2013,0,23,11
1356,Sri Lanka,2014,0,0,10
1357,Sudan,2000,368557,0,86
1358,Sudan,2001,203491,368557,83
1359,Sudan,2002,280550,203491,86
1360,Sudan,2003,933267,280550,97
1361,Sudan,2004,537899,933267,93
1362,Sudan,2005,628417,537899,94
1363,Sudan,2006,721233,628417,94
1364,Sudan,2007,686908,721233,95
1365,Sudan,2008,569296,686908,94
1366,Sudan,2009,711462,569296,94
1367,Sudan,2010,720557,711462,90
1368,Sudan,2011,506806,720557,92
1369,Sudan,2012,526931,506806,86
1370,Sudan,2013,592383,526931,84
1371,Sudan,2014,1068506,592383,88
1372,Suriname,2000,11361,1068506,38
1373,Suriname,2001,16003,11361,49
1374,Suriname,2002,12837,16003,43
1375,Suriname,2003,10982,12837,44
1376,Suriname,2004,8378,10982,45
1377,Suriname,2005,9131,8378,45
1378,Suriname,2006,3289,9131,35
1379,Suriname,2007,1741,3289,31
1380,Suriname,2008,2709,1741,36
1381,Suriname,2009,2380,2709,35
1382,Suriname,2010,1712,2380,34
1383,Suriname,2011,771,1712,30
1384,Suriname,2012,356,771,31
1385,Suriname,2013,729,356,35
1386,Suriname,2014,374,729,31
176,Swaziland,2000,326.8571429,326.8571429,13
1387,Swaziland,2001,1395,374,23
1388,Swaziland,2002,670,1395,16
1389,Swaziland,2003,342,670,14
1390,Swaziland,2004,574,342,23
1391,Swaziland,2005,279,574,21
1392,Swaziland,2006,155,279,15
1393,Swaziland,2007,84,155,14
1394,Swaziland,2008,58,84,16
1395,Swaziland,2009,106,58,21
1396,Swaziland,2010,268,106,24
1397,Swaziland,2011,189,268,25
1398,Swaziland,2012,57,189,25
1399,Swaziland,2013,130,57,26
1400,Swaziland,2014,269,130,27
1401,Syrian Arab Republic,2000,6,269,4
1402,Syrian Arab Republic,2001,63,6,8
1403,Syrian Arab Republic,2002,15,63,6
1404,Syrian Arab Republic,2003,2,15,2
1405,Syrian Arab Republic,2004,1,2,3
1406,Syrian Arab Republic,2005,0,1,3
1407,Syrian Arab Republic,2006,0,0,4
1408,Syrian Arab Republic,2007,0,0,4
1409,Syrian Arab Republic,2008,0,0,4
1410,Syrian Arab Republic,2009,0,0,7
1411,Syrian Arab Republic,2010,0,0,6
1412,Syrian Arab Republic,2011,0,0,8
1413,Syrian Arab Republic,2012,0,0,9
1414,Syrian Arab Republic,2013,0,0,12
1415,Syrian Arab Republic,2014,0,0,11
1416,Tajikistan,2000,19064,0,50
1417,Tajikistan,2001,11387,19064,42
1418,Tajikistan,2002,6160,11387,34
1419,Tajikistan,2003,5428,6160,35
1420,Tajikistan,2004,3588,5428,35
1421,Tajikistan,2005,2309,3588,30
1422,Tajikistan,2006,1316,2309,25
1423,Tajikistan,2007,635,1316,24
1424,Tajikistan,2008,318,635,23
1425,Tajikistan,2009,164,318,22
1426,Tajikistan,2010,111,164,22
1427,Tajikistan,2011,65,111,21
1428,Tajikistan,2012,18,65,19
1429,Tajikistan,2013,3,18,15
1430,Tajikistan,2014,2,3,14
1431,Thailand,2000,78561,2,72
1432,Thailand,2001,63528,78561,70
1433,Thailand,2002,44555,63528,69
1434,Thailand,2003,37355,44555,63
1435,Thailand,2004,26690,37355,60
1436,Thailand,2005,29782,26690,63
1437,Thailand,2006,30294,29782,60
1438,Thailand,2007,33178,30294,58
1439,Thailand,2008,28569,33178,59
1440,Thailand,2009,29462,28569,62
1441,Thailand,2010,32480,29462,58
1442,Thailand,2011,24897,32480,57
1443,Thailand,2012,32569,24897,63
1444,Thailand,2013,33302,32569,62
1445,Thailand,2014,37921,33302,63
1446,Timor-Leste,2000,15212,37921,44
177,Timor-Leste,2001,30105.78571,30105.78571,59
1447,Timor-Leste,2002,26651,15212,60
1448,Timor-Leste,2003,33411,26651,62
1449,Timor-Leste,2004,39164,33411,68
1450,Timor-Leste,2005,43093,39164,68
1451,Timor-Leste,2006,37896,43093,68
1452,Timor-Leste,2007,52813,37896,68
1453,Timor-Leste,2008,51260,52813,73
1454,Timor-Leste,2009,47527,51260,67
1455,Timor-Leste,2010,48137,47527,64
1456,Timor-Leste,2011,19739,48137,54
1457,Timor-Leste,2012,5211,19739,43
1458,Timor-Leste,2013,1025,5211,37
1459,Timor-Leste,2014,342,1025,29
178,Togo,2000,600489.5,600489.5,88
179,Togo,2001,600489.5,600489.5,92
180,Togo,2002,600489.5,600489.5,94
181,Togo,2003,600489.5,600489.5,92
182,Togo,2004,600489.5,600489.5,96
183,Togo,2005,600489.5,600489.5,92
184,Togo,2006,600489.5,600489.5,93
1460,Togo,2007,221110,342,82
1461,Togo,2008,344862,221110,90
1462,Togo,2009,391338,344862,88
1463,Togo,2010,617101,391338,87
1464,Togo,2011,519450,617101,93
1465,Togo,2012,697374,519450,87
1466,Togo,2013,882430,697374,87
1467,Togo,2014,1130251,882430,90
1468,Turkey,2000,11432,1130251,39
1469,Turkey,2001,10812,11432,41
1470,Turkey,2002,10224,10812,40
1471,Turkey,2003,9222,10224,40
1472,Turkey,2004,5302,9222,40
1473,Turkey,2005,2084,5302,29
1474,Turkey,2006,767,2084,21
1475,Turkey,2007,313,767,20
1476,Turkey,2008,166,313,21
1477,Turkey,2009,38,166,15
1478,Turkey,2010,0,38,7
1479,Turkey,2011,0,0,9
1480,Turkey,2012,0,0,10
1481,Turkey,2013,0,0,13
1482,Turkey,2014,0,0,12
1483,Turkmenistan,2000,24,0,7
1484,Turkmenistan,2001,8,24,6
1485,Turkmenistan,2002,18,8,7
1486,Turkmenistan,2003,7,18,6
1487,Turkmenistan,2004,3,7,6
1488,Turkmenistan,2005,1,3,5
1489,Turkmenistan,2006,1,1,6
1490,Turkmenistan,2007,0,1,5
1491,Turkmenistan,2008,0,0,5
1492,Turkmenistan,2009,0,0,8
1493,Turkmenistan,2010,0,0,8
185,Turkmenistan,2011,5.636363636,5.636363636,14
186,Turkmenistan,2012,5.636363636,5.636363636,15
187,Turkmenistan,2013,5.636363636,5.636363636,16
188,Turkmenistan,2014,5.636363636,5.636363636,15
189,Uganda,2000,1318868.308,1318868.308,98
190,Uganda,2001,1318868.308,1318868.308,99
1494,Uganda,2002,557159,0,93
1495,Uganda,2003,801784,557159,93
1496,Uganda,2004,879032,801784,98
1497,Uganda,2005,1104310,879032,101
1498,Uganda,2006,867398,1104310,98
1499,Uganda,2007,1045378,867398,99
1500,Uganda,2008,979298,1045378,100
1501,Uganda,2009,1301337,979298,102
1502,Uganda,2010,1581160,1301337,102
1503,Uganda,2011,231873,1581160,80
1504,Uganda,2012,2662258,231873,102
1505,Uganda,2013,1502362,2662258,93
1506,Uganda,2014,3631939,1502362,100
1507,United Republic of Tanzania,2000,17734,3631939,49
1508,United Republic of Tanzania,2001,38537,17734,62
1509,United Republic of Tanzania,2002,42468,38537,66
1510,United Republic of Tanzania,2003,1976614,42468,105
1511,United Republic of Tanzania,2004,2502382,1976614,105
1512,United Republic of Tanzania,2005,2764049,2502382,105
1513,United Republic of Tanzania,2006,1928296,2764049,104
1514,United Republic of Tanzania,2007,1845917,1928296,105
1515,United Republic of Tanzania,2008,4585,1845917,40
1516,United Republic of Tanzania,2009,3242,4585,38
1517,United Republic of Tanzania,2010,1278998,3242,99
1518,United Republic of Tanzania,2011,2150761,1278998,104
1519,United Republic of Tanzania,2012,1986955,2150761,99
1520,United Republic of Tanzania,2013,1552444,1986955,94
1521,United Republic of Tanzania,2014,680807,1552444,84
1522,Uzbekistan,2000,126,680807,9
1523,Uzbekistan,2001,77,126,9
1524,Uzbekistan,2002,74,77,9
1525,Uzbekistan,2003,74,74,10
1526,Uzbekistan,2004,66,74,9
1527,Uzbekistan,2005,102,66,14
1528,Uzbekistan,2006,73,102,11
1529,Uzbekistan,2007,30,73,12
1530,Uzbekistan,2008,7,30,9
1531,Uzbekistan,2009,0,7,9
1532,Uzbekistan,2010,3,0,12
1533,Uzbekistan,2011,0,3,10
1534,Uzbekistan,2012,0,0,11
1535,Uzbekistan,2013,0,0,14
1536,Uzbekistan,2014,0,0,13
1537,Vanuatu,2000,6768,0,30
1538,Vanuatu,2001,7647,6768,35
1539,Vanuatu,2002,14339,7647,45
1540,Vanuatu,2003,15240,14339,47
1541,Vanuatu,2004,14653,15240,50
1542,Vanuatu,2005,9834,14653,46
1543,Vanuatu,2006,8055,9834,44
1544,Vanuatu,2007,5471,8055,40
1545,Vanuatu,2008,3765,5471,38
1546,Vanuatu,2009,4189,3765,41
1547,Vanuatu,2010,8169,4189,45
1548,Vanuatu,2011,4820,8169,43
1549,Vanuatu,2012,3435,4820,41
1550,Vanuatu,2013,2381,3435,41
1551,Vanuatu,2014,982,2381,36
1552,Venezuela (Bolivarian Republic of),2000,29736,982,56
1553,Venezuela (Bolivarian Republic of),2001,20006,29736,51
1554,Venezuela (Bolivarian Republic of),2002,29491,20006,61
1555,Venezuela (Bolivarian Republic of),2003,31719,29491,61
1556,Venezuela (Bolivarian Republic of),2004,46655,31719,70
1557,Venezuela (Bolivarian Republic of),2005,45049,46655,71
1558,Venezuela (Bolivarian Republic of),2006,37062,45049,67
1559,Venezuela (Bolivarian Republic of),2007,41749,37062,60
1560,Venezuela (Bolivarian Republic of),2008,32037,41749,60
1561,Venezuela (Bolivarian Republic of),2009,35828,32037,64
1562,Venezuela (Bolivarian Republic of),2010,45155,35828,62
1563,Venezuela (Bolivarian Republic of),2011,45824,45155,66
1564,Venezuela (Bolivarian Republic of),2012,52803,45824,69
1565,Venezuela (Bolivarian Republic of),2013,78643,52803,70
1566,Venezuela (Bolivarian Republic of),2014,90708,78643,70
1567,Viet Nam,2000,74316,90708,71
1568,Viet Nam,2001,68699,74316,72
1569,Viet Nam,2002,47807,68699,71
1570,Viet Nam,2003,38790,47807,66
1571,Viet Nam,2004,24909,38790,58
1572,Viet Nam,2005,19496,24909,57
1573,Viet Nam,2006,22637,19496,58
1574,Viet Nam,2007,16389,22637,52
1575,Viet Nam,2008,11355,16389,52
1576,Viet Nam,2009,16130,11355,58
1577,Viet Nam,2010,17515,16130,50
1578,Viet Nam,2011,16612,17515,51
1579,Viet Nam,2012,19638,16612,54
1580,Viet Nam,2013,17128,19638,54
1581,Viet Nam,2014,15752,17128,53
1582,Yemen,2000,1394495,15752,101
191,Yemen,2001,165239.6429,165239.6429,80
1583,Yemen,2002,75508,1394495,76
1584,Yemen,2003,50811,75508,70
1585,Yemen,2004,48756,50811,72
1586,Yemen,2005,44150,48756,69
1587,Yemen,2006,55000,44150,74
1588,Yemen,2007,67677,55000,71
1589,Yemen,2008,44206,67677,70
1590,Yemen,2009,55446,44206,70
1591,Yemen,2010,106697,55446,74
1592,Yemen,2011,90410,106697,74
1593,Yemen,2012,109908,90410,72
1594,Yemen,2013,102778,109908,71
1595,Yemen,2014,67513,102778,69
192,Zambia,2000,4077547,4077547,107
193,Zambia,2001,4077547,4077547,107
194,Zambia,2002,4077547,4077547,107
195,Zambia,2003,4077547,4077547,107
196,Zambia,2004,4077547,4077547,107
197,Zambia,2005,4077547,4077547,107
198,Zambia,2006,4077547,4077547,107
199,Zambia,2007,4077547,4077547,107
200,Zambia,2008,4077547,4077547,107
201,Zambia,2009,4077547,4077547,107
202,Zambia,2010,4077547,4077547,107
203,Zambia,2011,4077547,4077547,106
204,Zambia,2012,4077547,4077547,106
205,Zambia,2013,4077547,4077547,105
1596,Zambia,2014,4077547,67513,102
206,Zimbabwe,2000,258521.875,258521.875,83
207,Zimbabwe,2001,258521.875,258521.875,85
208,Zimbabwe,2002,258521.875,258521.875,84
209,Zimbabwe,2003,258521.875,258521.875,85
210,Zimbabwe,2004,258521.875,258521.875,87
211,Zimbabwe,2005,258521.875,258521.875,87
212,Zimbabwe,2006,258521.875,258521.875,85
1597,Zimbabwe,2007,116518,4077547,76
1598,Zimbabwe,2008,32788,116518,61
1599,Zimbabwe,2009,114028,32788,79
1600,Zimbabwe,2010,249379,114028,81
1601,Zimbabwe,2011,319935,249379,86
1602,Zimbabwe,2012,276963,319935,77
1603,Zimbabwe,2013,422633,276963,83
1604,Zimbabwe,2014,535931,422633,82
