,name,year,value,lastValue,rank,population
0,Afghanistan,2000,94475,,76,20093756
1,Afghanistan,2001,132602.3571,132602.3571,78,20966463
2,Afghanistan,2002,415356,94475,90,21979923
3,Afghanistan,2003,360940,415356,88,23064851
4,Afghanistan,2004,242022,360940,86,24118979
5,Afghanistan,2005,116444,242022,82,25070798
6,Afghanistan,2006,86129,116444,79,25893450
7,Afghanistan,2007,92202,86129,74,26616792
8,Afghanistan,2008,81574,92202,77,27294031
9,Afghanistan,2009,64880,81574,73,28004331
10,Afghanistan,2010,69397,64880,70,28803167
11,Afghanistan,2011,77549,69397,71,29708599
12,Afghanistan,2012,54840,77549,70,30696958
13,Afghanistan,2013,39263,54840,64,31731688
14,Afghanistan,2014,61362,39263,66,32758020
15,Algeria,2000,35,61362,8,31183660
16,Algeria,2001,8,35,5,31592153
17,Algeria,2002,8,8,5,31995046
18,Algeria,2003,6,8,4,32403514
19,Algeria,2004,3,6,5,32831096
20,Algeria,2005,2,3,6,33288437
21,Algeria,2006,1,2,5,33777915
22,Algeria,2007,27,1,11,34300076
23,Algeria,2008,3,27,7,34860715
24,Algeria,2009,0,3,1,35465760
25,Algeria,2010,1,0,9,36117637
26,Algeria,2011,1,1,11,36819558
27,Algeria,2012,55,1,24,37565847
28,Algeria,2013,0,55,1,38338562
29,Algeria,2014,0,0,1,39113313
30,Angola,2000,1556770.2,1556770.2,103,16440924
31,Angola,2001,1556770.2,1556770.2,103,16983266
32,Angola,2002,1556770.2,1556770.2,103,17572649
33,Angola,2003,1556770.2,1556770.2,102,18203369
34,Angola,2004,1556770.2,1556770.2,102,18865716
35,Angola,2005,889572,0,98,19552542
36,Angola,2006,1082398,889572,101,20262399
37,Angola,2007,1533485,1082398,104,20997687
38,Angola,2008,1377992,1533485,102,21759420
39,Angola,2009,1573422,1377992,105,22549547
40,Angola,2010,1682870,1573422,104,23369131
41,Angola,2011,1632282,1682870,101,24218565
42,Angola,2012,1496834,1632282,94,25096150
43,Angola,2013,1999868,1496834,97,25998340
44,Angola,2014,2298979,1999868,96,26920466
45,Argentina,2000,440,2298979,14,37057452
46,Argentina,2001,215,440,12,37471509
47,Argentina,2002,125,215,12,37889370
48,Argentina,2003,122,125,12,38309379
49,Argentina,2004,115,122,12,38728696
50,Argentina,2005,252,115,20,39145488
51,Argentina,2006,212,252,17,39558890
52,Argentina,2007,387,212,21,39970224
53,Argentina,2008,130,387,20,40382389
54,Argentina,2009,86,130,19,40799407
55,Argentina,2010,14,86,14,41223889
56,Argentina,2011,0,14,1,41656879
57,Argentina,2012,0,0,1,42096739
58,Argentina,2013,0,0,2,42539925
59,Argentina,2014,0,0,2,42981515
60,Armenia,2000,141,0,10,3069588
61,Armenia,2001,79,141,10,3050655
62,Armenia,2002,52,79,8,3033897
63,Armenia,2003,29,52,8,3017806
64,Armenia,2004,47,29,8,3000612
65,Armenia,2005,7,47,7,2981259
66,Armenia,2006,0,7,1,2958500
67,Armenia,2007,0,0,1,2933056
68,Armenia,2008,0,0,1,2908220
69,Armenia,2009,0,0,2,2888584
70,Armenia,2010,0,0,1,2877311
71,Armenia,2011,32.27272727,32.27272727,20,2875581
72,Armenia,2012,32.27272727,32.27272727,22,2881922
73,Armenia,2013,32.27272727,32.27272727,22,2893509
74,Armenia,2014,32.27272727,32.27272727,23,2906220
75,Azerbaijan,2000,1526,0,22,8048600
76,Azerbaijan,2001,1058,1526,18,8111200
77,Azerbaijan,2002,506,1058,14,8171950
78,Azerbaijan,2003,482,506,17,8234100
79,Azerbaijan,2004,386,482,22,8306500
80,Azerbaijan,2005,242,386,19,8391850
81,Azerbaijan,2006,143,242,14,8484550
82,Azerbaijan,2007,108,143,16,8581300
83,Azerbaijan,2008,72,108,18,8763400
84,Azerbaijan,2009,78,72,18,8947243
85,Azerbaijan,2010,50,78,20,9054332
86,Azerbaijan,2011,4,50,13,9173082
87,Azerbaijan,2012,3,4,13,9295784
88,Azerbaijan,2013,0,3,3,9416801
89,Azerbaijan,2014,0,0,3,9535079
90,Bangladesh,2000,55599,6,67,131581243
91,Bangladesh,2001,54216,55599,69,134107160
92,Bangladesh,2002,62269,54216,73,136600667
93,Bangladesh,2003,54654,62269,72,139019001
94,Bangladesh,2004,58894,54654,74,141307489
95,Bangladesh,2005,48121,58894,74,143431101
96,Bangladesh,2006,32857,48121,63,145368004
97,Bangladesh,2007,59866,32857,69,147139191
98,Bangladesh,2008,84690,59866,79,148805814
99,Bangladesh,2009,63873,84690,71,150454708
100,Bangladesh,2010,55873,63873,68,152149102
101,Bangladesh,2011,51773,55873,67,153911916
102,Bangladesh,2012,9901,51773,51,155727053
103,Bangladesh,2013,3864,9901,43,157571292
104,Bangladesh,2014,10216,3864,48,159405279
105,Belize,2000,1486,10216,21,247315
106,Belize,2001,1162,1486,19,254984
107,Belize,2002,1134,1162,19,262206
108,Belize,2003,1084,1134,22,269130
109,Belize,2004,1066,1084,26,276089
110,Belize,2005,1549,1066,26,283277
111,Belize,2006,844,1549,23,290747
112,Belize,2007,845,844,26,298407
113,Belize,2008,540,845,26,306165
114,Belize,2009,256,540,23,313929
115,Belize,2010,150,256,23,321608
116,Belize,2011,72,150,23,329192
117,Belize,2012,33,72,23,336701
118,Belize,2013,20,33,20,344181
119,Belize,2014,19,20,18,351694
120,Benin,2000,828294.6,828294.6,93,6865951
121,Benin,2001,828294.6,828294.6,94,7076733
122,Benin,2002,828294.6,828294.6,96,7295394
123,Benin,2003,828294.6,828294.6,94,7520555
124,Benin,2004,828294.6,828294.6,97,7750004
125,Benin,2005,828294.6,828294.6,97,7982225
126,Benin,2006,828294.6,828294.6,97,8216896
127,Benin,2007,828294.6,828294.6,97,8454791
128,Benin,2008,828294.6,828294.6,96,8696916
129,Benin,2009,889597,19,96,8944706
130,Benin,2010,828294.6,828294.6,92,9199259
131,Benin,2011,422968,889597,89,9460802
132,Benin,2012,705839,422968,88,9729160
133,Benin,2013,1078834,705839,89,10004451
134,Benin,2014,1044235,1078834,87,10286712
135,Bhutan,2000,5935,1044235,29,573416
136,Bhutan,2001,5982,5935,32,589600
137,Bhutan,2002,6511,5982,35,606399
138,Bhutan,2003,3806,6511,30,623434
139,Bhutan,2004,2670,3806,31,640282
140,Bhutan,2005,1825,2670,28,656639
141,Bhutan,2006,1868,1825,29,672228
142,Bhutan,2007,793,1868,25,686958
143,Bhutan,2008,329,793,24,700950
144,Bhutan,2009,972,329,32,714458
145,Bhutan,2010,436,972,26,727641
146,Bhutan,2011,194,436,26,740510
147,Bhutan,2012,0,194,2,752967
148,Bhutan,2013,15,0,19,764961
149,Bhutan,2014,19,15,19,776448
150,Botswana,2000,10510,7401,36,1728340
151,Botswana,2001,3720,10510,30,1754935
152,Botswana,2002,1640,3720,23,1779953
153,Botswana,2003,591,1640,19,1804339
154,Botswana,2004,198,591,16,1829330
155,Botswana,2005,670,198,24,1855852
156,Botswana,2006,1653.071429,1653.071429,26,1884238
157,Botswana,2007,390,670,22,1914414
158,Botswana,2008,927,390,30,1946351
159,Botswana,2009,1024,927,33,1979882
160,Botswana,2010,1046,1024,31,2014866
161,Botswana,2011,432,1046,28,2051339
162,Botswana,2012,193,432,27,2089315
163,Botswana,2013,456,193,30,2128507
164,Botswana,2014,1346,456,39,2168573
165,Brazil,2000,613241,1346,89,175287587
166,Brazil,2001,388303,613241,89,177750670
167,Brazil,2002,348259,388303,89,180151021
168,Brazil,2003,408886,348259,89,182482149
169,Brazil,2004,465004,408886,91,184738458
170,Brazil,2005,606067,465004,93,186917361
171,Brazil,2006,549469,606067,90,189012412
172,Brazil,2007,458652,549469,90,191026637
173,Brazil,2008,315746,458652,88,192979029
174,Brazil,2009,309316,315746,85,194895996
175,Brazil,2010,334667,309316,82,196796269
176,Brazil,2011,267146,334667,82,198686688
177,Brazil,2012,242758,267146,76,200560983
178,Brazil,2013,177767,242758,73,202408632
179,Brazil,2014,143415,177767,72,204213133
180,Burkina Faso,2000,1330504.273,1330504.273,99,11607942
181,Burkina Faso,2001,1330504.273,1330504.273,100,11944587
182,Burkina Faso,2002,1330504.273,1330504.273,100,12293100
183,Burkina Faso,2003,1330504.273,1330504.273,99,12654621
184,Burkina Faso,2004,18256,143415,54,13030569
185,Burkina Faso,2005,21335,18256,59,13421930
186,Burkina Faso,2006,44265,21335,69,13829177
187,Burkina Faso,2007,44246,44265,62,14252021
188,Burkina Faso,2008,36514,44246,63,14689726
189,Burkina Faso,2009,182527,36514,83,15141099
190,Burkina Faso,2010,804539,182527,91,15605217
191,Burkina Faso,2011,428113,804539,90,16081904
192,Burkina Faso,2012,3858046,428113,105,16571216
193,Burkina Faso,2013,3769051,3858046,104,17072723
194,Burkina Faso,2014,5428655,3769051,104,17585977
195,Burundi,2000,308095,5428655,84,6400706
196,Burundi,2001,312015,308095,88,6555829
197,Burundi,2002,327138,312015,88,6741569
198,Burundi,2003,353459,327138,87,6953113
199,Burundi,2004,363395,353459,90,7182451
200,Burundi,2005,327464,363395,90,7423289
201,Burundi,2006,791731,327464,96,7675338
202,Burundi,2007,1101644,791731,101,7939573
203,Burundi,2008,876741,1101644,98,8212264
204,Burundi,2009,1185622,876741,101,8489031
205,Burundi,2010,1763447,1185622,105,8766930
206,Burundi,2011,1571874,1763447,100,9043508
207,Burundi,2012,2151076,1571874,100,9319710
208,Burundi,2013,4141387,2151076,106,9600186
209,Burundi,2014,4585273,4141387,103,9891790
210,Cabo Verde,2000,144,4585273,11,435079
211,Cabo Verde,2001,107,144,11,443716
212,Cabo Verde,2002,76,107,10,452106
213,Cabo Verde,2003,68,76,9,460147
214,Cabo Verde,2004,45,68,7,467664
215,Cabo Verde,2005,68,45,12,474567
216,Cabo Verde,2006,80,68,12,480795
217,Cabo Verde,2007,18,80,9,486438
218,Cabo Verde,2008,35,18,15,491723
219,Cabo Verde,2009,65,35,17,496963
220,Cabo Verde,2010,47,65,19,502384
221,Cabo Verde,2011,7,47,16,508067
222,Cabo Verde,2012,1,7,12,513979
223,Cabo Verde,2013,22,1,21,520106
224,Cabo Verde,2014,26,22,21,526437
225,Cambodia,2000,62442,26,68,12152354
226,Cambodia,2001,53601,62442,68,12402473
227,Cambodia,2002,46902,53601,70,12634729
228,Cambodia,2003,71265,46902,75,12853124
229,Cambodia,2004,59745,71265,75,13063377
230,Cambodia,2005,49436,59745,75,13270201
231,Cambodia,2006,78696,49436,78,13474489
232,Cambodia,2007,42518,78696,61,13676693
233,Cambodia,2008,42124,42518,69,13880509
234,Cambodia,2009,64595,42124,72,14090208
235,Cambodia,2010,49356,64595,65,14308740
236,Cambodia,2011,57423,49356,68,14537886
237,Cambodia,2012,40476,57423,64,14776866
238,Cambodia,2013,21309,40476,56,15022692
239,Cambodia,2014,25152,21309,60,15270790
240,Cameroon,2000,20931.5,20931.5,52,15274234
241,Cameroon,2001,20931.5,20931.5,52,15671927
242,Cameroon,2002,20931.5,20931.5,54,16084886
243,Cameroon,2003,20931.5,20931.5,54,16513822
244,Cameroon,2004,20931.5,20931.5,56,16959081
245,Cameroon,2005,20931.5,20931.5,58,17420795
246,Cameroon,2006,20931.5,20931.5,56,17899562
247,Cameroon,2007,20931.5,20931.5,55,18395389
248,Cameroon,2008,20931.5,20931.5,57,18907008
249,Cameroon,2009,20931.5,20931.5,60,19432541
250,Cameroon,2010,20931.5,20931.5,53,19970495
251,Cameroon,2011,15212,25152,50,20520447
252,Cameroon,2012,20931.5,20931.5,56,21082383
253,Cameroon,2013,26651,15212,59,21655715
254,Cameroon,2014,20931.5,20931.5,59,22239904
255,Central African Republic,2000,33411,26651,59,3754986
256,Central African Republic,2001,39164,33411,64,3832203
257,Central African Republic,2002,43093,39164,67,3907612
258,Central African Republic,2003,37896,43093,64,3981665
259,Central African Republic,2004,46869,37896,71,4055036
260,Central African Republic,2005,45973,46869,72,4127910
261,Central African Republic,2006,78283.66667,78283.66667,77,4201758
262,Central African Republic,2007,78283.66667,78283.66667,72,4275800
263,Central African Republic,2008,78283.66667,78283.66667,75,4345386
264,Central African Republic,2009,78283.66667,78283.66667,75,4404230
265,Central African Republic,2010,78283.66667,78283.66667,71,4448525
266,Central African Republic,2011,78283.66667,78283.66667,72,4476153
267,Central African Republic,2012,46759,45973,66,4490416
268,Central African Republic,2013,116300,46759,72,4499653
269,Central African Republic,2014,295088,116300,79,4515392
270,Chad,2000,40078,295088,62,8342559
271,Chad,2001,38287,40078,61,8663012
272,Chad,2002,43933,38287,68,9001689
273,Chad,2003,45195,43933,69,9353201
274,Chad,2004,1360,45195,28,9710043
275,Chad,2005,31668,1360,64,10067009
276,Chad,2006,45155,31668,70,10421597
277,Chad,2007,48288,45155,65,10775708
278,Chad,2008,47757,48288,72,11133861
279,Chad,2009,171400.1429,171400.1429,82,11502786
280,Chad,2010,200448,47757,77,11887202
281,Chad,2011,181126,200448,77,12288651
282,Chad,2012,7710,181126,50,12705135
283,Chad,2013,754565,7710,85,13133589
284,Chad,2014,914032,754565,86,13569438
285,China,2000,8025,914032,35,1262645000
286,China,2001,21237,8025,53,1271850000
287,China,2002,24964,21237,59,1280400000
288,China,2003,27870,24964,58,1288400000
289,China,2004,25483,27870,59,1296075000
290,China,2005,19304,25483,55,1303720000
291,China,2006,33286,19304,64,1311020000
292,China,2007,28112,33286,56,1317885000
293,China,2008,15870,28112,54,1324655000
294,China,2009,9287,15870,49,1331260000
295,China,2010,4990,9287,41,1337705000
296,China,2011,3367,4990,40,1344130000
297,China,2012,244,3367,29,1350695000
298,China,2013,86,244,25,1357380000
299,China,2014,56,86,25,1364270000
300,Colombia,2000,144432,56,79,40403958
301,Colombia,2001,231233,144432,84,40988909
302,Colombia,2002,204916,231233,83,41572491
303,Colombia,2003,180956,204916,83,42152151
304,Colombia,2004,142241,180956,83,42724163
305,Colombia,2005,121629,142241,83,43285634
306,Colombia,2006,120096,121629,81,43835722
307,Colombia,2007,128462,120096,79,44374572
308,Colombia,2008,80559,128462,76,44901544
309,Colombia,2009,79347,80559,76,45416181
310,Colombia,2010,117650,79347,76,45918097
311,Colombia,2011,64309,117650,69,46406646
312,Colombia,2012,60179,64309,71,46881475
313,Colombia,2013,51696,60179,67,47342981
314,Colombia,2014,40768,51696,64,47791911
315,Comoros,2000,801784,40768,92,542357
316,Comoros,2001,879032,801784,95,555888
317,Comoros,2002,1104310,879032,99,569479
318,Comoros,2003,867398,1104310,95,583211
319,Comoros,2004,12874,867398,48,597228
320,Comoros,2005,6086,12874,40,611627
321,Comoros,2006,20559,6086,55,626425
322,Comoros,2007,297278.3077,297278.3077,84,641620
323,Comoros,2008,297278.3077,297278.3077,87,657229
324,Comoros,2009,5982,20559,44,673252
325,Comoros,2010,36538,5982,60,689692
326,Comoros,2011,24856,36538,56,706569
327,Comoros,2012,49840,24856,67,723868
328,Comoros,2013,53156,49840,68,741500
329,Comoros,2014,2203,53156,42,759385
330,Costa Rica,2000,1879,66323,24,3925443
331,Costa Rica,2001,1363,1879,22,3996798
332,Costa Rica,2002,1021,1363,18,4063204
333,Costa Rica,2003,718,1021,21,4125971
334,Costa Rica,2004,1289,718,27,4187038
335,Costa Rica,2005,3541,1289,34,4247841
336,Costa Rica,2006,2903,3541,33,4308794
337,Costa Rica,2007,1223,2903,27,4369469
338,Costa Rica,2008,966,1223,31,4429508
339,Costa Rica,2009,262,966,24,4488263
340,Costa Rica,2010,110,262,21,4545280
341,Costa Rica,2011,10,110,19,4600474
342,Costa Rica,2012,6,10,16,4654122
343,Costa Rica,2013,0,6,4,4706401
344,Costa Rica,2014,0,0,4,4757575
345,Djibouti,2000,1235.6,1235.6,20,717584
346,Djibouti,2001,1235.6,1235.6,20,732711
347,Djibouti,2002,1235.6,1235.6,21,746221
348,Djibouti,2003,5036,9968983,34,758615
349,Djibouti,2004,122,5036,13,770752
350,Djibouti,2005,413,122,23,783254
351,Djibouti,2006,1796,413,28,796208
352,Djibouti,2007,210,1796,19,809402
353,Djibouti,2008,119,210,19,822934
354,Djibouti,2009,2686,119,36,836840
355,Djibouti,2010,1010,2686,30,851146
356,Djibouti,2011,1235.6,1235.6,34,865937
357,Djibouti,2012,25,1010,21,881185
358,Djibouti,2013,939,25,36,896688
359,Djibouti,2014,1235.6,1235.6,38,912164
360,Dominican Republic,2000,1233,939,19,8562622
361,Dominican Republic,2001,1038,1233,17,8697126
362,Dominican Republic,2002,1296,1038,22,8832285
363,Dominican Republic,2003,1529,1296,25,8967760
364,Dominican Republic,2004,2355,1529,30,9102998
365,Dominican Republic,2005,3837,2355,36,9237566
366,Dominican Republic,2006,3525,3837,36,9371338
367,Dominican Republic,2007,2711,3525,35,9504353
368,Dominican Republic,2008,1840,2711,34,9636520
369,Dominican Republic,2009,1643,1840,34,9767758
370,Dominican Republic,2010,3414,1643,39,9897985
371,Dominican Republic,2011,1616,3414,35,10027095
372,Dominican Republic,2012,952,1616,37,10154950
373,Dominican Republic,2013,579,952,33,10281296
374,Dominican Republic,2014,496,579,32,10405844
375,Ecuador,2000,104528,496,77,12628596
376,Ecuador,2001,108903,104528,76,12852755
377,Ecuador,2002,86757,108903,78,13072060
378,Ecuador,2003,52065,86757,71,13289601
379,Ecuador,2004,28730,52065,63,13509647
380,Ecuador,2005,17050,28730,53,13735233
381,Ecuador,2006,9863,17050,45,13967480
382,Ecuador,2007,8464,9863,44,14205453
383,Ecuador,2008,4891,8464,41,14447562
384,Ecuador,2009,4120,4891,40,14691275
385,Ecuador,2010,1888,4120,36,14934690
386,Ecuador,2011,1219,1888,33,15177355
387,Ecuador,2012,544,1219,33,15419666
388,Ecuador,2013,368,544,28,15661547
389,Ecuador,2014,241,368,26,15903112
390,El Salvador,2000,753,22,15,5867626
391,El Salvador,2001,362,753,13,5905962
392,El Salvador,2002,117,362,11,5940303
393,El Salvador,2003,85,117,11,5971535
394,El Salvador,2004,112,85,11,6000775
395,El Salvador,2005,67,112,11,6028961
396,El Salvador,2006,49,67,9,6056478
397,El Salvador,2007,40,49,13,6083475
398,El Salvador,2008,33,40,14,6110301
399,El Salvador,2009,20,33,13,6137276
400,El Salvador,2010,19,20,16,6164626
401,El Salvador,2011,9,19,17,6192560
402,El Salvador,2012,13,9,18,6221246
403,El Salvador,2013,6,13,17,6250777
404,El Salvador,2014,6,6,16,6281189
405,Equatorial Guinea,2000,19371,19371,51,614323
406,Equatorial Guinea,2001,19371,19371,50,639762
407,Equatorial Guinea,2002,19371,19371,52,666407
408,Equatorial Guinea,2003,19371,19371,51,694611
409,Equatorial Guinea,2004,19371,19371,55,724817
410,Equatorial Guinea,2005,19371,19371,56,757317
411,Equatorial Guinea,2006,19371,19371,53,792217
412,Equatorial Guinea,2007,6287,6,42,829327
413,Equatorial Guinea,2008,9503,6287,49,868418
414,Equatorial Guinea,2009,14184,9503,55,909111
415,Equatorial Guinea,2010,53813,14184,67,951104
416,Equatorial Guinea,2011,22466,53813,55,994290
417,Equatorial Guinea,2012,15169,22466,53,1038593
418,Equatorial Guinea,2013,13129,15169,52,1083746
419,Equatorial Guinea,2014,20417,13129,58,1129424
420,Eritrea,2000,16192.21429,16192.21429,47,3392801
421,Eritrea,2001,9716,20417,38,3497124
422,Eritrea,2002,6078,9716,33,3614639
423,Eritrea,2003,10346,6078,42,3738265
424,Eritrea,2004,4119,10346,37,3858623
425,Eritrea,2005,9073,4119,44,3969007
426,Eritrea,2006,6541,9073,43,4066648
427,Eritrea,2007,15565,6541,51,4153332
428,Eritrea,2008,8764,15565,48,4232636
429,Eritrea,2009,11759,8764,53,4310334
430,Eritrea,2010,35982,11759,59,4390840
431,Eritrea,2011,34848,35982,63,4474690
432,Eritrea,2012,21815,34848,57,
433,Eritrea,2013,21317,21815,57,
434,Eritrea,2014,30768,21317,61,
435,Ethiopia,2000,992259.8571,992259.8571,96,66537331
436,Ethiopia,2001,392377,30768,90,68492257
437,Ethiopia,2002,427795,392377,91,70497192
438,Ethiopia,2003,463797,427795,90,72545144
439,Ethiopia,2004,578904,463797,94,74624405
440,Ethiopia,2005,538942,578904,91,76727083
441,Ethiopia,2006,447780,538942,88,78850689
442,Ethiopia,2007,451816,447780,89,81000409
443,Ethiopia,2008,458561,451816,92,83184892
444,Ethiopia,2009,1036316,458561,98,85416253
445,Ethiopia,2010,1158197,1036316,98,87702670
446,Ethiopia,2011,1480306,1158197,99,90046756
447,Ethiopia,2012,1692578,1480306,97,92444183
448,Ethiopia,2013,2645454,1692578,101,94887724
449,Ethiopia,2014,2118815,2645454,95,97366774
450,Gabon,2000,50810,2118815,65,1231122
451,Gabon,2001,53167,50810,67,1262259
452,Gabon,2002,62976,53167,74,1294409
453,Gabon,2003,58212,62976,74,1328146
454,Gabon,2004,70075,58212,76,1364205
455,Gabon,2005,70644,70075,78,1403126
456,Gabon,2006,33458,70644,65,1444844
457,Gabon,2007,45186,33458,64,1489193
458,Gabon,2008,40701,45186,68,1536411
459,Gabon,2009,660,40701,28,1586754
460,Gabon,2010,13936,660,49,1640210
461,Gabon,2011,41461.42857,41461.42857,65,1697101
462,Gabon,2012,19753,13936,55,1756817
463,Gabon,2013,28982,19753,60,1817271
464,Gabon,2014,31900,28982,62,1875713
465,Georgia,2000,245,166229,12,4418300
466,Georgia,2001,438,245,14,4386400
467,Georgia,2002,474,438,13,4357000
468,Georgia,2003,316,474,13,4301000
469,Georgia,2004,257,316,17,4245000
470,Georgia,2005,155,257,15,4190000
471,Georgia,2006,59,155,10,4136000
472,Georgia,2007,24,59,10,4082000
473,Georgia,2008,6,24,8,4030000
474,Georgia,2009,1,6,10,3978000
475,Georgia,2010,0,1,3,3926000
476,Georgia,2011,0,0,3,3875000
477,Georgia,2012,0,0,4,3825000
478,Georgia,2013,0,0,6,3776000
479,Georgia,2014,0,0,5,3727000
480,Ghana,2000,1381959.273,1381959.273,100,18938762
481,Ghana,2001,1381959.273,1381959.273,101,19421605
482,Ghana,2002,1381959.273,1381959.273,101,19924522
483,Ghana,2003,1381959.273,1381959.273,100,20446782
484,Ghana,2004,475441,0,92,20986536
485,Ghana,2005,655093,475441,95,21542009
486,Ghana,2006,472255,655093,89,22113425
487,Ghana,2007,476484,472255,91,22700212
488,Ghana,2008,1094483,476484,101,23298640
489,Ghana,2009,1104370,1094483,100,23903831
490,Ghana,2010,1071637,1104370,97,24512104
491,Ghana,2011,1041260,1071637,97,25121796
492,Ghana,2012,3755166,1041260,104,25733049
493,Ghana,2013,1639451,3755166,95,26346251
494,Ghana,2014,3415912,1639451,99,26962563
495,Guatemala,2000,53311,3415912,66,11650743
496,Guatemala,2001,35824,53311,60,11924946
497,Guatemala,2002,35540,35824,63,12208848
498,Guatemala,2003,31127,35540,60,12500478
499,Guatemala,2004,28955,31127,65,12796925
500,Guatemala,2005,39571,28955,67,13096028
501,Guatemala,2006,31093,39571,61,13397008
502,Guatemala,2007,15382,31093,50,13700286
503,Guatemala,2008,7198,15382,44,14006366
504,Guatemala,2009,7080,7198,47,14316208
505,Guatemala,2010,7384,7080,43,14630417
506,Guatemala,2011,6817,7384,44,14948919
507,Guatemala,2012,5346,6817,44,15271056
508,Guatemala,2013,6214,5346,46,15596214
509,Guatemala,2014,4931,6214,46,15923559
510,Guinea,2000,4800,4931,28,8808546
511,Guinea,2001,6238,4800,33,8971139
512,Guinea,2002,16561,6238,49,9137345
513,Guinea,2003,107925,16561,79,9309848
514,Guinea,2004,103069,107925,81,9490229
515,Guinea,2005,50452,103069,76,9679745
516,Guinea,2006,54227,50452,73,9881428
517,Guinea,2007,44518,54227,63,10096727
518,Guinea,2008,33405,44518,62,10323142
519,Guinea,2009,35841,33405,65,10556524
520,Guinea,2010,20936,35841,54,10794170
521,Guinea,2011,95574,20936,75,11035170
522,Guinea,2012,317200,95574,81,11281469
523,Guinea,2013,211257,317200,74,11536615
524,Guinea,2014,660207,211257,83,11805509
525,Guinea-Bissau,2000,38788.8,38788.8,61,1243229
526,Guinea-Bissau,2001,38788.8,38788.8,63,1267512
527,Guinea-Bissau,2002,38788.8,38788.8,64,1293523
528,Guinea-Bissau,2003,38788.8,38788.8,65,1321202
529,Guinea-Bissau,2004,38788.8,38788.8,67,1350345
530,Guinea-Bissau,2005,14659,660207,51,1380838
531,Guinea-Bissau,2006,15120,14659,50,1412669
532,Guinea-Bissau,2007,14284,15120,48,1445958
533,Guinea-Bissau,2008,11299,14284,51,1480841
534,Guinea-Bissau,2009,11757,11299,52,1517448
535,Guinea-Bissau,2010,50391,11757,66,1555880
536,Guinea-Bissau,2011,71982,50391,70,1596154
537,Guinea-Bissau,2012,50381,71982,68,1638139
538,Guinea-Bissau,2013,54584,50381,69,1681495
539,Guinea-Bissau,2014,93431,54584,71,1725744
540,Guyana,2000,24018,93431,55,753301
541,Guyana,2001,27122,24018,58,752263
542,Guyana,2002,21895,27122,56,751884
543,Guyana,2003,27627,21895,57,751857
544,Guyana,2004,28866,27627,64,751652
545,Guyana,2005,38984,28866,66,750946
546,Guyana,2006,21064,38984,57,749601
547,Guyana,2007,11656,21064,46,747869
548,Guyana,2008,11815,11656,53,746314
549,Guyana,2009,13673,11815,54,745693
550,Guyana,2010,22935,13673,55,746556
551,Guyana,2011,29506,22935,60,749100
552,Guyana,2012,31656,29506,62,753091
553,Guyana,2013,31479,31656,61,758081
554,Guyana,2014,12354,31479,52,763393
555,Haiti,2000,16897,12354,48,8549200
556,Haiti,2001,9837,16897,39,8692567
557,Haiti,2002,29921.53846,29921.53846,62,8834733
558,Haiti,2003,29921.53846,29921.53846,59,8976552
559,Haiti,2004,10802,9837,46,9119178
560,Haiti,2005,21778,10802,61,9263404
561,Haiti,2006,32739,21778,62,9409457
562,Haiti,2007,29825,32739,57,9556889
563,Haiti,2008,36774,29825,64,9705029
564,Haiti,2009,49535,36774,68,9852870
565,Haiti,2010,84153,49535,72,9999617
566,Haiti,2011,32969,84153,62,10145054
567,Haiti,2012,25423,32969,60,10289210
568,Haiti,2013,20586,25423,55,10431776
569,Haiti,2014,17662,20586,56,10572466
570,Honduras,2000,35125,17662,60,6524283
571,Honduras,2001,24149,35125,55,6693061
572,Honduras,2002,17223,24149,51,6863157
573,Honduras,2003,14063,17223,46,7033821
574,Honduras,2004,17134,14063,53,7204153
575,Honduras,2005,15943,17134,52,7373430
576,Honduras,2006,11947,15943,46,7541406
577,Honduras,2007,10512,11947,45,7707972
578,Honduras,2008,8368,10512,47,7872658
579,Honduras,2009,9313,8368,50,8035021
580,Honduras,2010,9685,9313,46,8194778
581,Honduras,2011,7465,9685,46,8351600
582,Honduras,2012,6439,7465,46,8505646
583,Honduras,2013,5428,6439,45,8657785
584,Honduras,2014,3380,5428,44,8809216
585,India,2000,2031790,3380,105,1053050912
586,India,2001,2085484,2031790,105,1071477855
587,India,2002,1841227,2085484,104,1089807112
588,India,2003,1869403,1841227,103,1108027848
589,India,2004,1915363,1869403,103,1126135777
590,India,2005,1816569,1915363,103,1144118674
591,India,2006,1785109,1816569,103,1161977719
592,India,2007,1508927,1785109,102,1179681239
593,India,2008,1532497,1508927,104,1197146906
594,India,2009,1563574,1532497,104,1214270132
595,India,2010,1599986,1563574,103,1230980691
596,India,2011,1310656,1599986,98,1247236029
597,India,2012,1067824,1310656,90,1263065852
598,India,2013,881730,1067824,86,1278562207
599,India,2014,1102205,881730,89,1293859294
600,Indonesia,2000,256993,1102205,82,211540429
601,Indonesia,2001,267592,256993,86,214506502
602,Indonesia,2002,273793,267592,85,217508059
603,Indonesia,2003,223065,273793,84,220545214
604,Indonesia,2004,304936,223065,88,223614649
605,Indonesia,2005,315394,304936,89,226712730
606,Indonesia,2006,347597,315394,87,229838202
607,Indonesia,2007,333792,347597,86,232989141
608,Indonesia,2008,266277,333792,86,236159276
609,Indonesia,2009,418439,266277,89,239340478
610,Indonesia,2010,465764,418439,85,242524123
611,Indonesia,2011,422447,465764,88,245707511
612,Indonesia,2012,417819,422447,83,248883232
613,Indonesia,2013,343527,417819,80,252032263
614,Indonesia,2014,252027,343527,75,255131116
615,Iraq,2000,1860,358,23,23565413
616,Iraq,2001,1265,1860,21,24251649
617,Iraq,2002,952,1265,17,24939299
618,Iraq,2003,344,952,15,25627626
619,Iraq,2004,150,344,15,26316609
620,Iraq,2005,44,150,8,27008426
621,Iraq,2006,23,44,7,27697912
622,Iraq,2007,2,23,6,28390433
623,Iraq,2008,2,2,6,29111417
624,Iraq,2009,0,2,4,29894652
625,Iraq,2010,0,0,4,30762701
626,Iraq,2011,0,0,4,31727053
627,Iraq,2012,0,0,5,32776571
628,Iraq,2013,0,0,7,33883145
629,Iraq,2014,0,0,6,35006080
630,Jamaica,2000,7,0,5,2656864
631,Jamaica,2001,6,7,4,2677011
632,Jamaica,2002,7,6,4,2695446
633,Jamaica,2003,9,7,7,2712511
634,Jamaica,2004,141,9,14,2728777
635,Jamaica,2005,88,141,13,2744673
636,Jamaica,2006,194,88,16,2760279
637,Jamaica,2007,199,194,18,2775467
638,Jamaica,2008,22,199,13,2790122
639,Jamaica,2009,22,22,14,2804082
640,Jamaica,2010,12,22,13,2817210
641,Jamaica,2011,9,12,18,2829493
642,Jamaica,2012,5,9,14,2840992
643,Jamaica,2013,55.46153846,55.46153846,24,2851807
644,Jamaica,2014,55.46153846,55.46153846,24,2862087
645,Kenya,2000,1047409.667,1047409.667,97,31450483
646,Kenya,2001,1047409.667,1047409.667,98,32321482
647,Kenya,2002,20049,5,53,33214009
648,Kenya,2003,39383,20049,67,34130852
649,Kenya,2004,28328,39383,62,35074931
650,Kenya,2005,1047409.667,1047409.667,100,36048288
651,Kenya,2006,1047409.667,1047409.667,100,37052050
652,Kenya,2007,1047409.667,1047409.667,100,38085909
653,Kenya,2008,839903,28328,97,39148416
654,Kenya,2009,1047409.667,1047409.667,99,40237204
655,Kenya,2010,898531,839903,93,41350152
656,Kenya,2011,1002805,898531,96,42486839
657,Kenya,2012,1453471,1002805,93,43646629
658,Kenya,2013,2335286,1453471,98,44826849
659,Kenya,2014,2808931,2335286,97,46024250
660,Liberia,2000,909890.9,909890.9,94,2884522
661,Liberia,2001,909890.9,909890.9,96,2991132
662,Liberia,2002,909890.9,909890.9,97,3062863
663,Liberia,2003,909890.9,909890.9,96,3116233
664,Liberia,2004,909890.9,909890.9,99,3176414
665,Liberia,2005,44875,48071,70,3261230
666,Liberia,2006,761415,44875,95,3375838
667,Liberia,2007,492272,761415,92,3512932
668,Liberia,2008,606952,492272,95,3662993
669,Liberia,2009,839581,606952,95,3811528
670,Liberia,2010,922173,839581,95,3948125
671,Liberia,2011,1915762,922173,103,4070167
672,Liberia,2012,1407455,1915762,92,4181563
673,Liberia,2013,1244220,1407455,90,4286291
674,Liberia,2014,864204,1244220,85,4390737
675,Madagascar,2000,6946,864204,32,15766806
676,Madagascar,2001,8538,6946,36,16260932
677,Madagascar,2002,5272,8538,32,16765117
678,Madagascar,2003,6909,5272,38,17279141
679,Madagascar,2004,7638,6909,44,17802997
680,Madagascar,2005,6753,7638,42,18336724
681,Madagascar,2006,5689,6753,42,18880268
682,Madagascar,2007,48497,5689,66,19433523
683,Madagascar,2008,93234,48497,80,19996469
684,Madagascar,2009,215110,93234,84,20569121
685,Madagascar,2010,202450,215110,78,21151640
686,Madagascar,2011,224498,202450,79,21743949
687,Madagascar,2012,359420,224498,82,22346573
688,Madagascar,2013,387045,359420,82,22961146
689,Madagascar,2014,365239,387045,81,23589801
690,Malawi,2000,1513921.25,1513921.25,102,11376172
691,Malawi,2001,1513921.25,1513921.25,102,11695863
692,Malawi,2002,1513921.25,1513921.25,102,12013711
693,Malawi,2003,1513921.25,1513921.25,101,12336687
694,Malawi,2004,1513921.25,1513921.25,101,12676038
695,Malawi,2005,1513921.25,1513921.25,102,13039711
696,Malawi,2006,1513921.25,1513921.25,102,13429262
697,Malawi,2007,1513921.25,1513921.25,103,13840969
698,Malawi,2008,1513921.25,1513921.25,103,14271234
699,Malawi,2009,1513921.25,1513921.25,103,14714602
700,Malawi,2010,1513921.25,1513921.25,100,15167095
701,Malawi,2011,304499,365239,84,15627618
702,Malawi,2012,1564984,304499,96,16097305
703,Malawi,2013,1280892,1564984,91,16577147
704,Malawi,2014,2905310,1280892,98,17068838
705,Malaysia,2000,12705,2905310,41,23185608
706,Malaysia,2001,12780,12705,45,23698907
707,Malaysia,2002,11019,12780,41,24198811
708,Malaysia,2003,6338,11019,36,24688703
709,Malaysia,2004,6154,6338,41,25174109
710,Malaysia,2005,5569,6154,39,25659393
711,Malaysia,2006,5294,5569,41,26143566
712,Malaysia,2007,4048,5294,37,26625845
713,Malaysia,2008,6071,4048,42,27111069
714,Malaysia,2009,5955,6071,43,27605383
715,Malaysia,2010,5194,5955,42,28112289
716,Malaysia,2011,3954,5194,42,28635128
717,Malaysia,2012,3662,3954,42,29170456
718,Malaysia,2013,2921,3662,42,29706724
719,Malaysia,2014,3147,2921,43,30228017
720,Mali,2000,965614,965614,95,10967690
721,Mali,2001,965614,965614,97,11293258
722,Mali,2002,965614,965614,98,11638929
723,Mali,2003,965614,965614,98,12005128
724,Mali,2004,965614,965614,100,12391906
725,Mali,2005,965614,965614,99,12798763
726,Mali,2006,965614,965614,99,13227064
727,Mali,2007,965614,965614,98,13675606
728,Mali,2008,965614,965614,99,14138216
729,Mali,2009,965614,965614,97,14606597
730,Mali,2010,227482,3147,79,15075085
731,Mali,2011,307035,227482,85,15540989
732,Mali,2012,886482,307035,89,16006670
733,Mali,2013,1367218,886482,92,16477818
734,Mali,2014,2039853,1367218,94,16962846
735,Mauritania,2000,3316.625,3316.625,25,2709359
736,Mauritania,2001,3316.625,3316.625,29,2790729
737,Mauritania,2002,3316.625,3316.625,29,2873228
738,Mauritania,2003,3316.625,3316.625,29,2957117
739,Mauritania,2004,3316.625,3316.625,33,3042823
740,Mauritania,2005,3316.625,3316.625,33,3130720
741,Mauritania,2006,1061,2039853,24,3220653
742,Mauritania,2007,3316.625,3316.625,36,3312665
743,Mauritania,2008,302,1061,22,3407541
744,Mauritania,2009,940,302,31,3506288
745,Mauritania,2010,1994,940,37,3609543
746,Mauritania,2011,2926,1994,39,3717672
747,Mauritania,2012,1888,2926,39,3830239
748,Mauritania,2013,1587,1888,39,3946170
749,Mauritania,2014,15835,1587,54,4063920
750,Mexico,2000,7390,15835,33,101719673
751,Mexico,2001,4996,7390,31,103067068
752,Mexico,2002,4624,4996,31,104355608
753,Mexico,2003,3819,4624,31,105640453
754,Mexico,2004,3406,3819,34,106995583
755,Mexico,2005,2967,3406,31,108472228
756,Mexico,2006,2514,2967,32,110092378
757,Mexico,2007,2361,2514,33,111836346
758,Mexico,2008,2357,2361,35,113661809
759,Mexico,2009,2703,2357,37,115505228
760,Mexico,2010,1226,2703,32,117318941
761,Mexico,2011,1124,1226,32,119090017
762,Mexico,2012,833,1124,35,120828307
763,Mexico,2013,495,833,32,122535969
764,Mexico,2014,656,495,34,124221600
765,Mozambique,2000,1945719.125,1945719.125,104,18067687
766,Mozambique,2001,1945719.125,1945719.125,104,18588758
767,Mozambique,2002,1945719.125,1945719.125,105,19139658
768,Mozambique,2003,1945719.125,1945719.125,104,19716598
769,Mozambique,2004,1945719.125,1945719.125,104,20312705
770,Mozambique,2005,1945719.125,1945719.125,104,20923070
771,Mozambique,2006,1945719.125,1945719.125,105,21547463
772,Mozambique,2007,141663,656,80,22188387
773,Mozambique,2008,120259,141663,83,22846758
774,Mozambique,2009,93874,120259,78,23524063
775,Mozambique,2010,1522577,93874,101,24221405
776,Mozambique,2011,1756874,1522577,102,24939005
777,Mozambique,2012,1813984,1756874,98,25676606
778,Mozambique,2013,2998874,1813984,103,26434372
779,Mozambique,2014,7117648,2998874,105,27212382
780,Myanmar,2000,120083,7117648,78,46095462
781,Myanmar,2001,170502,120083,82,46627994
782,Myanmar,2002,173096,170502,82,47140220
783,Myanmar,2003,177530,173096,82,47624894
784,Myanmar,2004,152070,177530,84,48073707
785,Myanmar,2005,165737,152070,85,48482614
786,Myanmar,2006,203071,165737,84,48846474
787,Myanmar,2007,373958,203071,87,49171586
788,Myanmar,2008,447073,373958,91,49479752
789,Myanmar,2009,436068,447073,90,49800690
790,Myanmar,2010,420808,436068,84,50155896
791,Myanmar,2011,465294,420808,91,50553031
792,Myanmar,2012,480586,465294,84,50986514
793,Myanmar,2013,251273,480586,76,51448196
794,Myanmar,2014,152195,251273,73,51924182
795,Namibia,2000,14447.21429,14447.21429,42,1899257
796,Namibia,2001,41636,152195,65,1933596
797,Namibia,2002,23984,41636,58,1962147
798,Namibia,2003,20295,23984,52,1986535
799,Namibia,2004,36043,20295,66,2009228
800,Namibia,2005,23339,36043,62,2032196
801,Namibia,2006,27690,23339,59,2055734
802,Namibia,2007,4242,27690,38,2079915
803,Namibia,2008,1092,4242,33,2106375
804,Namibia,2009,505,1092,25,2137040
805,Namibia,2010,556,505,27,2173170
806,Namibia,2011,1860,556,38,2215621
807,Namibia,2012,194,1860,28,2263934
808,Namibia,2013,4911,194,44,2316520
809,Namibia,2014,15914,4911,55,2370992
810,Nepal,2000,7981,15914,34,23740911
811,Nepal,2001,6396,7981,34,24161777
812,Nepal,2002,12750,6396,42,24566342
813,Nepal,2003,9506,12750,41,24950623
814,Nepal,2004,4895,9506,38,25309449
815,Nepal,2005,5050,4895,38,25640287
816,Nepal,2006,4969,5050,39,25940618
817,Nepal,2007,5621,4969,41,26214847
818,Nepal,2008,3888,5621,39,26475859
819,Nepal,2009,3335,3888,39,26741103
820,Nepal,2010,3894,3335,40,27023137
821,Nepal,2011,3414,3894,41,27327147
822,Nepal,2012,2092,3414,40,27649925
823,Nepal,2013,1974,2092,40,27985310
824,Nepal,2014,1469,1974,40,28323241
825,Nicaragua,2000,23878,1469,54,5026796
826,Nicaragua,2001,10482,23878,40,5100750
827,Nicaragua,2002,7695,10482,38,5171734
828,Nicaragua,2003,6717,7695,37,5240879
829,Nicaragua,2004,6897,6717,42,5309703
830,Nicaragua,2005,6642,6897,41,5379328
831,Nicaragua,2006,3114,6642,34,5450211
832,Nicaragua,2007,1356,3114,30,5522106
833,Nicaragua,2008,762,1356,29,5594506
834,Nicaragua,2009,610,762,27,5666581
835,Nicaragua,2010,692,610,29,5737723
836,Nicaragua,2011,925,692,31,5807820
837,Nicaragua,2012,1235,925,38,5877108
838,Nicaragua,2013,1194,1235,38,5945747
839,Nicaragua,2014,1163,1194,37,6013997
840,Niger,2000,766297.6667,766297.6667,91,11352973
841,Niger,2001,766297.6667,766297.6667,93,11771976
842,Niger,2002,766297.6667,766297.6667,95,12206002
843,Niger,2003,56460,1163,73,12656870
844,Niger,2004,76030,56460,77,13127012
845,Niger,2005,56043,76030,77,13618449
846,Niger,2006,3956,56043,37,14132064
847,Niger,2007,249027,3956,83,14668338
848,Niger,2008,496858,249027,93,15228525
849,Niger,2009,309675,496858,86,15813913
850,Niger,2010,620058,309675,88,16425578
851,Niger,2011,780876,620058,95,17064636
852,Niger,2012,2239858,780876,101,17731634
853,Niger,2013,2353422,2239858,99,18426372
854,Niger,2014,1953309,2353422,93,19148219
855,Nigeria,2000,2952662,2952662,106,122352009
856,Nigeria,2001,2952662,2952662,106,125463434
857,Nigeria,2002,2952662,2952662,106,128666710
858,Nigeria,2003,2952662,2952662,106,131972533
859,Nigeria,2004,2952662,2952662,106,135393616
860,Nigeria,2005,2952662,2952662,106,138939478
861,Nigeria,2006,2952662,2952662,106,142614094
862,Nigeria,2007,2952662,2952662,106,146417024
863,Nigeria,2008,2952662,2952662,106,150347390
864,Nigeria,2009,479845,1953309,91,154402181
865,Nigeria,2010,551187,479845,86,158578261
866,Nigeria,2011,2952662,2952662,105,162877076
867,Nigeria,2012,2952662,2952662,103,167297284
868,Nigeria,2013,2952662,2952662,102,171829303
869,Nigeria,2014,7826954,551187,106,176460502
870,Oman,2000,6,7826954,3,2267991
871,Oman,2001,2,6,2,2294787
872,Oman,2002,6,2,3,2334285
873,Oman,2003,6,6,5,2385255
874,Oman,2004,0,6,2,2444751
875,Oman,2005,0,0,2,2511269
876,Oman,2006,0,0,3,2582991
877,Oman,2007,4,0,7,2662762
878,Oman,2008,8,4,10,2759014
879,Oman,2009,0,8,5,2882942
880,Oman,2010,24,0,17,3041460
881,Oman,2011,0,24,6,3237268
882,Oman,2012,0,0,7,3464644
883,Oman,2013,0,0,9,3711481
884,Oman,2014,0,0,8,3960925
885,Pakistan,2000,82526,0,74,138523285
886,Pakistan,2001,125292,82526,77,141601437
887,Pakistan,2002,107666,125292,80,144654143
888,Pakistan,2003,122560,107666,80,147703401
889,Pakistan,2004,125618,122560,82,150780300
890,Pakistan,2005,127536,125618,84,153909667
891,Pakistan,2006,123761,127536,82,157093993
892,Pakistan,2007,128380,123761,78,160332974
893,Pakistan,2008,104334,128380,81,163644603
894,Pakistan,2009,167579,104334,81,167049580
895,Pakistan,2010,240591,167579,80,170560182
896,Pakistan,2011,334589,240591,87,174184265
897,Pakistan,2012,290781,334589,79,177911533
898,Pakistan,2013,281755,290781,79,181712595
899,Pakistan,2014,275149,281755,77,185546257
900,Panama,2000,1036,275149,18,3030347
901,Panama,2001,928,1036,16,3089684
902,Panama,2002,2244,928,26,3149265
903,Panama,2003,4500,2244,33,3209174
904,Panama,2004,5095,4500,39,3269541
905,Panama,2005,3667,5095,35,3330465
906,Panama,2006,1663,3667,27,3391905
907,Panama,2007,1281,1663,28,3453807
908,Panama,2008,744,1281,28,3516268
909,Panama,2009,778,744,29,3579385
910,Panama,2010,418,778,25,3643222
911,Panama,2011,354,418,27,3707782
912,Panama,2012,844,354,36,3772938
913,Panama,2013,705,844,34,3838462
914,Panama,2014,874,705,35,3903986
915,Papua New Guinea,2000,79839,874,73,5572222
916,Papua New Guinea,2001,94484,79839,75,5716152
917,Papua New Guinea,2002,75748,94484,77,5862316
918,Papua New Guinea,2003,72620,75748,76,6010724
919,Papua New Guinea,2004,91055,72620,79,6161517
920,Papua New Guinea,2005,92957,91055,81,6314709
921,Papua New Guinea,2006,93938,92957,80,6470272
922,Papua New Guinea,2007,86955,93938,73,6627922
923,Papua New Guinea,2008,84452,86955,78,6787187
924,Papua New Guinea,2009,77758,84452,74,6947447
925,Papua New Guinea,2010,93956,77758,73,7108239
926,Papua New Guinea,2011,84060,93956,73,7269348
927,Papua New Guinea,2012,150195,84060,74,7430836
928,Papua New Guinea,2013,279994,150195,78,7592865
929,Papua New Guinea,2014,281182,279994,78,7755785
930,Paraguay,2000,6853,281182,31,5302700
931,Paraguay,2001,2710,6853,28,5406624
932,Paraguay,2002,2778,2710,28,5508611
933,Paraguay,2003,1392,2778,24,5607950
934,Paraguay,2004,694,1392,24,5703740
935,Paraguay,2005,376,694,22,5795494
936,Paraguay,2006,823,376,22,5882796
937,Paraguay,2007,1341,823,29,5966159
938,Paraguay,2008,348,1341,25,6047117
939,Paraguay,2009,91,348,20,6127837
940,Paraguay,2010,18,91,15,6209877
941,Paraguay,2011,1,18,12,6293783
942,Paraguay,2012,0,1,8,6379219
943,Paraguay,2013,0,0,10,6465740
944,Paraguay,2014,0,0,9,6552584
945,Peru,2000,68321,0,70,25914879
946,Peru,2001,78544,68321,74,26261363
947,Peru,2002,99237,78544,79,26601467
948,Peru,2003,88408,99237,77,26937738
949,Peru,2004,93581,88408,80,27273194
950,Peru,2005,87699,93581,80,27610410
951,Peru,2006,64925,87699,75,27949944
952,Peru,2007,50797,64925,67,28292724
953,Peru,2008,44522,50797,71,28641980
954,Peru,2009,42645,44522,66,29001507
955,Peru,2010,31546,42645,57,29373646
956,Peru,2011,25039,31546,58,29759989
957,Peru,2012,31570,25039,61,30158966
958,Peru,2013,43468,31570,66,30565716
959,Peru,2014,64676,43468,67,30973354
960,Philippines,2000,23496.81818,23496.81818,53,77991569
961,Philippines,2001,23496.81818,23496.81818,54,79665315
962,Philippines,2002,23496.81818,23496.81818,57,81352060
963,Philippines,2003,23496.81818,23496.81818,55,83031954
964,Philippines,2004,50850,64676,73,84678493
965,Philippines,2005,46342,50850,73,86274237
966,Philippines,2006,35405,46342,66,87809419
967,Philippines,2007,36235,35405,59,89293490
968,Philippines,2008,23655,36235,58,90751864
969,Philippines,2009,19316,23655,59,92220879
970,Philippines,2010,18560,19316,51,93726624
971,Philippines,2011,9552,18560,48,95277940
972,Philippines,2012,7133,9552,48,96866642
973,Philippines,2013,6514,7133,47,98481032
974,Philippines,2014,4903,6514,45,100102249
975,Russian Federation,2000,795,557,16,146596557
976,Russian Federation,2001,898,795,15,145976083
977,Russian Federation,2002,642,898,15,145306046
978,Russian Federation,2003,533,642,18,144648257
979,Russian Federation,2004,382,533,21,144067054
980,Russian Federation,2005,205,382,17,143518523
981,Russian Federation,2006,102,205,13,143049528
982,Russian Federation,2007,0,102,3,142805088
983,Russian Federation,2008,0,0,3,142742350
984,Russian Federation,2009,0,0,6,142785342
985,Russian Federation,2010,0,0,5,142849449
986,Russian Federation,2011,0,0,7,142960868
987,Russian Federation,2012,296.4166667,296.4166667,30,143201676
988,Russian Federation,2013,296.4166667,296.4166667,27,143506911
989,Russian Federation,2014,296.4166667,296.4166667,28,143819666
990,Rwanda,2000,616538.6429,616538.6429,90,8025703
991,Rwanda,2001,423493,0,91,8329406
992,Rwanda,2002,506028,423493,92,8536205
993,Rwanda,2003,553150,506028,91,8680346
994,Rwanda,2004,589315,553150,95,8818438
995,Rwanda,2005,683769,589315,96,8991735
996,Rwanda,2006,573686,683769,91,9206580
997,Rwanda,2007,382686,573686,88,9447402
998,Rwanda,2008,316242,382686,89,9708169
999,Rwanda,2009,698745,316242,93,9977446
1000,Rwanda,2010,638669,698745,89,10246842
1001,Rwanda,2011,208858,638669,78,10516071
1002,Rwanda,2012,483470,208858,85,10788853
1003,Rwanda,2013,962618,483470,88,11065151
1004,Rwanda,2014,1610812,962618,92,11345357
1005,Sao Tome and Principe,2000,31975,1610812,58,138606
1006,Sao Tome and Principe,2001,42086,31975,66,141622
1007,Sao Tome and Principe,2002,50586,42086,72,144889
1008,Sao Tome and Principe,2003,42656,50586,68,148372
1009,Sao Tome and Principe,2004,46486,42656,69,151969
1010,Sao Tome and Principe,2005,18139,46486,54,155630
1011,Sao Tome and Principe,2006,5146,18139,40,159328
1012,Sao Tome and Principe,2007,2421,5146,34,163101
1013,Sao Tome and Principe,2008,6258,2421,43,166913
1014,Sao Tome and Principe,2009,6182,6258,46,170813
1015,Sao Tome and Principe,2010,2740,6182,38,174776
1016,Sao Tome and Principe,2011,8442,2740,47,178800
1017,Sao Tome and Principe,2012,12550,8442,52,182889
1018,Sao Tome and Principe,2013,9243,12550,51,187045
1019,Sao Tome and Principe,2014,1754,9243,41,191266
1020,Saudi Arabia,2000,4736,1754,27,20764312
1021,Saudi Arabia,2001,1603,4736,25,21303592
1022,Saudi Arabia,2002,1210,1603,20,21906308
1023,Saudi Arabia,2003,700,1210,20,22556425
1024,Saudi Arabia,2004,308,700,20,23228890
1025,Saudi Arabia,2005,204,308,16,23905654
1026,Saudi Arabia,2006,270,204,18,24578301
1027,Saudi Arabia,2007,467,270,23,25252569
1028,Saudi Arabia,2008,61,467,17,25940770
1029,Saudi Arabia,2009,58,61,16,26661492
1030,Saudi Arabia,2010,29,58,18,27425676
1031,Saudi Arabia,2011,69,29,22,28238020
1032,Saudi Arabia,2012,82,69,26,29086357
1033,Saudi Arabia,2013,34,82,23,29944476
1034,Saudi Arabia,2014,30,34,22,30776722
1035,Senegal,2000,44959,30,64,9884052
1036,Senegal,2001,12920,44959,46,10134497
1037,Senegal,2002,14425,12920,46,10396861
1038,Senegal,2003,26865,14425,56,10670990
1039,Senegal,2004,22234,26865,57,10955944
1040,Senegal,2005,33160,22234,65,11251266
1041,Senegal,2006,48070,33160,72,11556763
1042,Senegal,2007,118332,48070,77,11873557
1043,Senegal,2008,241926,118332,85,12203957
1044,Senegal,2009,165933,241926,80,12550917
1045,Senegal,2010,343670,165933,83,12916229
1046,Senegal,2011,277326,343670,83,13300910
1047,Senegal,2012,281080,277326,78,13703513
1048,Senegal,2013,345889,281080,81,14120320
1049,Senegal,2014,265624,345889,76,14546111
1050,Sierra Leone,2000,539208.3846,539208.3846,87,4564297
1051,Sierra Leone,2001,2206,265624,26,4739147
1052,Sierra Leone,2002,3702,2206,30,4957216
1053,Sierra Leone,2003,3945,3702,32,5199549
1054,Sierra Leone,2004,2206,3945,29,5439695
1055,Sierra Leone,2005,4808,2206,37,5658379
1056,Sierra Leone,2006,4932,4808,38,5848692
1057,Sierra Leone,2007,539208.3846,539208.3846,93,6015417
1058,Sierra Leone,2008,154459,4932,84,6165372
1059,Sierra Leone,2009,646808,154459,92,6310260
1060,Sierra Leone,2010,934028,646808,96,6458720
1061,Sierra Leone,2011,638859,934028,94,6611692
1062,Sierra Leone,2012,1537322,638859,95,6766103
1063,Sierra Leone,2013,1701958,1537322,96,6922079
1064,Sierra Leone,2014,1374476,1701958,91,7079162
1065,Solomon Islands,2000,68107,1374476,69,412609
1066,Solomon Islands,2001,76493,68107,73,423853
1067,Solomon Islands,2002,74936,76493,75,435262
1068,Solomon Islands,2003,92227,74936,78,446769
1069,Solomon Islands,2004,90297,92227,78,458324
1070,Solomon Islands,2005,76390,90297,79,469885
1071,Solomon Islands,2006,75337,76390,76,481422
1072,Solomon Islands,2007,65404,75337,70,492940
1073,Solomon Islands,2008,40535,65404,67,504477
1074,Solomon Islands,2009,33002,40535,63,516079
1075,Solomon Islands,2010,39704,33002,61,527790
1076,Solomon Islands,2011,26657,39704,59,539614
1077,Solomon Islands,2012,24383,26657,59,551531
1078,Solomon Islands,2013,25609,24383,58,563513
1079,Solomon Islands,2014,18404,25609,57,575504
1080,Somalia,2000,14920.69231,14920.69231,43,9011479
1081,Somalia,2001,14920.69231,14920.69231,47,9290823
1082,Somalia,2002,15732,18404,48,9564167
1083,Somalia,2003,7571,15732,39,9836397
1084,Somalia,2004,11436,7571,47,10116228
1085,Somalia,2005,12516,11436,48,10409925
1086,Somalia,2006,16430,12516,51,10718317
1087,Somalia,2007,16675,16430,53,11038596
1088,Somalia,2008,36905,16675,65,11369276
1089,Somalia,2009,25202,36905,61,11707990
1090,Somalia,2010,24553,25202,56,12053223
1091,Somalia,2011,1724,24553,37,12404725
1092,Somalia,2012,6817,1724,47,12763776
1093,Somalia,2013,7407,6817,49,13132349
1094,Somalia,2014,11001,7407,50,13513125
1095,South Africa,2000,10926.14286,10926.14286,37,44896856
1096,South Africa,2001,26506,11001,56,45312937
1097,South Africa,2002,15649,26506,47,45855482.88
1098,South Africa,2003,13459,15649,45,46418193.9
1099,South Africa,2004,13399,13459,49,47001700.99
1100,South Africa,2005,7755,13399,43,47606670.24
1101,South Africa,2006,12098,7755,47,48233804.48
1102,South Africa,2007,6327,12098,43,48883844.99
1103,South Africa,2008,7796,6327,45,49557573.3
1104,South Africa,2009,6072,7796,45,50255813.11
1105,South Africa,2010,8060,6072,44,50979432.36
1106,South Africa,2011,9866,8060,49,51729345.36
1107,South Africa,2012,5629,9866,45,52506515.08
1108,South Africa,2013,8645,5629,50,53311955.61
1109,South Africa,2014,11705,8645,51,54146734.74
1110,South Sudan,2000,310441.8,310441.8,85,6700656
1111,South Sudan,2001,310441.8,310441.8,87,6974442
1112,South Sudan,2002,310441.8,310441.8,87,7237276
1113,South Sudan,2003,310441.8,310441.8,86,7501642
1114,South Sudan,2004,310441.8,310441.8,89,7787655
1115,South Sudan,2005,310441.8,310441.8,88,8108877
1116,South Sudan,2006,310441.8,310441.8,86,8468152
1117,South Sudan,2007,310441.8,310441.8,85,8856800
1118,South Sudan,2008,52011,11705,74,9263136
1119,South Sudan,2009,310441.8,310441.8,87,9670667
1120,South Sudan,2010,900283,52011,94,10067192
1121,South Sudan,2011,112024,900283,76,10448857
1122,South Sudan,2012,225371,112024,75,10818258
1123,South Sudan,2013,262520,225371,77,11177490
1124,South Sudan,2014,310441.8,310441.8,80,11530971
1125,Sri Lanka,2000,210039,262520,81,18655000
1126,Sri Lanka,2001,66522,210039,71,18797000
1127,Sri Lanka,2002,41411,66522,65,18939000
1128,Sri Lanka,2003,10510,41411,43,19083000
1129,Sri Lanka,2004,3720,10510,36,19228000
1130,Sri Lanka,2005,1640,3720,27,19373000
1131,Sri Lanka,2006,591,1640,20,19520000
1132,Sri Lanka,2007,198,591,17,19668000
1133,Sri Lanka,2008,649,198,27,19817000
1134,Sri Lanka,2009,531,649,26,19968000
1135,Sri Lanka,2010,684,531,28,20119000
1136,Sri Lanka,2011,124,684,24,20271000
1137,Sri Lanka,2012,23,124,20,20425000
1138,Sri Lanka,2013,0,23,11,20585000
1139,Sri Lanka,2014,0,0,10,20771000
1140,Sudan,2000,368557,0,86,27250535
1141,Sudan,2001,203491,368557,83,27945005
1142,Sudan,2002,280550,203491,86,28679565
1143,Sudan,2003,933267,280550,97,29435944
1144,Sudan,2004,537899,933267,93,30186341
1145,Sudan,2005,628417,537899,94,30911914
1146,Sudan,2006,721233,628417,94,31607064
1147,Sudan,2007,686908,721233,95,32282526
1148,Sudan,2008,569296,686908,94,32955496
1149,Sudan,2009,711462,569296,94,33650619
1150,Sudan,2010,720557,711462,90,34385963
1151,Sudan,2011,506806,720557,92,35167314
1152,Sudan,2012,526931,506806,86,35990192
1153,Sudan,2013,592383,526931,84,36849918
1154,Sudan,2014,1068506,592383,88,37737913
1155,Suriname,2000,11361,1068506,38,472390
1156,Suriname,2001,16003,11361,49,477740
1157,Suriname,2002,12837,16003,43,483044
1158,Suriname,2003,10982,12837,44,488332
1159,Suriname,2004,8378,10982,45,493630
1160,Suriname,2005,9131,8378,45,498946
1161,Suriname,2006,3289,9131,35,504307
1162,Suriname,2007,1741,3289,31,509705
1163,Suriname,2008,2709,1741,36,515148
1164,Suriname,2009,2380,2709,35,520619
1165,Suriname,2010,1712,2380,34,526103
1166,Suriname,2011,771,1712,30,531589
1167,Suriname,2012,356,771,31,537077
1168,Suriname,2013,729,356,35,542540
1169,Suriname,2014,374,729,31,547928
1170,Swaziland,2000,326.8571429,326.8571429,13,1061468
1171,Swaziland,2001,1395,374,23,1072927
1172,Swaziland,2002,670,1395,16,1080930
1173,Swaziland,2003,342,670,14,1087392
1174,Swaziland,2004,574,342,23,1095053
1175,Swaziland,2005,279,574,21,1105873
1176,Swaziland,2006,155,279,15,1120514
1177,Swaziland,2007,84,155,14,1138434
1178,Swaziland,2008,58,84,16,1158897
1179,Swaziland,2009,106,58,21,1180675
1180,Swaziland,2010,268,106,24,1202843
1181,Swaziland,2011,189,268,25,1225258
1182,Swaziland,2012,57,189,25,1248158
1183,Swaziland,2013,130,57,26,1271456
1184,Swaziland,2014,269,130,27,1295097
1185,Syrian Arab Republic,2000,6,269,4,16410848
1186,Syrian Arab Republic,2001,63,6,8,16766899
1187,Syrian Arab Republic,2002,15,63,6,17087901
1188,Syrian Arab Republic,2003,2,15,2,17415266
1189,Syrian Arab Republic,2004,1,2,3,17806638
1190,Syrian Arab Republic,2005,0,1,3,18294611
1191,Syrian Arab Republic,2006,0,0,4,18914977
1192,Syrian Arab Republic,2007,0,0,4,19632806
1193,Syrian Arab Republic,2008,0,0,4,20325443
1194,Syrian Arab Republic,2009,0,0,7,20824893
1195,Syrian Arab Republic,2010,0,0,6,21018834
1196,Syrian Arab Republic,2011,0,0,8,20863993
1197,Syrian Arab Republic,2012,0,0,9,20420701
1198,Syrian Arab Republic,2013,0,0,12,19809141
1199,Syrian Arab Republic,2014,0,0,11,19203090
1200,Tajikistan,2000,19064,0,50,6216205
1201,Tajikistan,2001,11387,19064,42,6327125
1202,Tajikistan,2002,6160,11387,34,6447688
1203,Tajikistan,2003,5428,6160,35,6576877
1204,Tajikistan,2004,3588,5428,35,6712841
1205,Tajikistan,2005,2309,3588,30,6854176
1206,Tajikistan,2006,1316,2309,25,7000557
1207,Tajikistan,2007,635,1316,24,7152385
1208,Tajikistan,2008,318,635,23,7309728
1209,Tajikistan,2009,164,318,22,7472819
1210,Tajikistan,2010,111,164,22,7641630
1211,Tajikistan,2011,65,111,21,7815949
1212,Tajikistan,2012,18,65,19,7995062
1213,Tajikistan,2013,3,18,15,8177809
1214,Tajikistan,2014,2,3,14,8362745
1215,Thailand,2000,78561,2,72,62958021
1216,Thailand,2001,63528,78561,70,63543322
1217,Thailand,2002,44555,63528,69,64073164
1218,Thailand,2003,37355,44555,63,64554952
1219,Thailand,2004,26690,37355,60,65002231
1220,Thailand,2005,29782,26690,63,65425470
1221,Thailand,2006,30294,29782,60,65824164
1222,Thailand,2007,33178,30294,58,66195615
1223,Thailand,2008,28569,33178,59,66545760
1224,Thailand,2009,29462,28569,62,66881867
1225,Thailand,2010,32480,29462,58,67208808
1226,Thailand,2011,24897,32480,57,67530130
1227,Thailand,2012,32569,24897,63,67843979
1228,Thailand,2013,33302,32569,62,68143065
1229,Thailand,2014,37921,33302,63,68416772
1230,Timor-Leste,2000,15212,37921,44,871607
1231,Timor-Leste,2001,30105.78571,30105.78571,59,892531
1232,Timor-Leste,2002,26651,15212,60,923825
1233,Timor-Leste,2003,33411,26651,62,960852
1234,Timor-Leste,2004,39164,33411,68,996698
1235,Timor-Leste,2005,43093,39164,68,1026484
1236,Timor-Leste,2006,37896,43093,68,1048621
1237,Timor-Leste,2007,52813,37896,68,1064973
1238,Timor-Leste,2008,51260,52813,73,1078110
1239,Timor-Leste,2009,47527,51260,67,1092021
1240,Timor-Leste,2010,48137,47527,64,1109591
1241,Timor-Leste,2011,19739,48137,54,1131523
1242,Timor-Leste,2012,5211,19739,43,1156760
1243,Timor-Leste,2013,1025,5211,37,1184366
1244,Timor-Leste,2014,342,1025,29,1212814
1245,Togo,2000,600489.5,600489.5,88,4970367
1246,Togo,2001,600489.5,600489.5,92,5111770
1247,Togo,2002,600489.5,600489.5,94,5251472
1248,Togo,2003,600489.5,600489.5,92,5391401
1249,Togo,2004,600489.5,600489.5,96,5534598
1250,Togo,2005,600489.5,600489.5,92,5683268
1251,Togo,2006,600489.5,600489.5,93,5837792
1252,Togo,2007,221110,342,82,5997385
1253,Togo,2008,344862,221110,90,6161796
1254,Togo,2009,391338,344862,88,6330472
1255,Togo,2010,617101,391338,87,6502952
1256,Togo,2011,519450,617101,93,6679282
1257,Togo,2012,697374,519450,87,6859482
1258,Togo,2013,882430,697374,87,7042948
1259,Togo,2014,1130251,882430,90,7228915
1260,Turkey,2000,11432,1130251,39,63240121
1261,Turkey,2001,10812,11432,41,64191474
1262,Turkey,2002,10224,10812,40,65143054
1263,Turkey,2003,9222,10224,40,66085803
1264,Turkey,2004,5302,9222,40,67007855
1265,Turkey,2005,2084,5302,29,67903406
1266,Turkey,2006,767,2084,21,68763405
1267,Turkey,2007,313,767,20,69597281
1268,Turkey,2008,166,313,21,70440032
1269,Turkey,2009,38,166,15,71339185
1270,Turkey,2010,0,38,7,72326914
1271,Turkey,2011,0,0,9,73409455
1272,Turkey,2012,0,0,10,74569867
1273,Turkey,2013,0,0,13,75787333
1274,Turkey,2014,0,0,12,77030628
1275,Turkmenistan,2000,24,0,7,4516131
1276,Turkmenistan,2001,8,24,6,4564080
1277,Turkmenistan,2002,18,8,7,4610002
1278,Turkmenistan,2003,7,18,6,4655741
1279,Turkmenistan,2004,3,7,6,4703398
1280,Turkmenistan,2005,1,3,5,4754641
1281,Turkmenistan,2006,1,1,6,4810105
1282,Turkmenistan,2007,0,1,5,4870137
1283,Turkmenistan,2008,0,0,5,4935762
1284,Turkmenistan,2009,0,0,8,5007950
1285,Turkmenistan,2010,0,0,8,5087210
1286,Turkmenistan,2011,5.636363636,5.636363636,14,5174061
1287,Turkmenistan,2012,5.636363636,5.636363636,15,5267839
1288,Turkmenistan,2013,5.636363636,5.636363636,16,5366277
1289,Turkmenistan,2014,5.636363636,5.636363636,15,5466241
1290,Uganda,2000,1318868.308,1318868.308,98,24039274
1291,Uganda,2001,1318868.308,1318868.308,99,24854892
1292,Uganda,2002,557159,0,93,25718048
1293,Uganda,2003,801784,557159,93,26624820
1294,Uganda,2004,879032,801784,98,27568436
1295,Uganda,2005,1104310,879032,101,28543940
1296,Uganda,2006,867398,1104310,98,29550662
1297,Uganda,2007,1045378,867398,99,30590487
1298,Uganda,2008,979298,1045378,100,31663896
1299,Uganda,2009,1301337,979298,102,32771895
1300,Uganda,2010,1581160,1301337,102,33915133
1301,Uganda,2011,231873,1581160,80,35093648
1302,Uganda,2012,2662258,231873,102,36306796
1303,Uganda,2013,1502362,2662258,93,37553726
1304,Uganda,2014,3631939,1502362,100,38833338
1305,Uzbekistan,2000,126,680807,9,24650400
1306,Uzbekistan,2001,77,126,9,24964450
1307,Uzbekistan,2002,74,77,9,25271850
1308,Uzbekistan,2003,74,74,10,25567650
1309,Uzbekistan,2004,66,74,9,25864350
1310,Uzbekistan,2005,102,66,14,26167000
1311,Uzbekistan,2006,73,102,11,26488250
1312,Uzbekistan,2007,30,73,12,26868000
1313,Uzbekistan,2008,7,30,9,27302800
1314,Uzbekistan,2009,0,7,9,27767400
1315,Uzbekistan,2010,3,0,12,28562400
1316,Uzbekistan,2011,0,3,10,29339400
1317,Uzbekistan,2012,0,0,11,29774500
1318,Uzbekistan,2013,0,0,14,30243200
1319,Uzbekistan,2014,0,0,13,30757700
1320,Vanuatu,2000,6768,0,30,185063
1321,Vanuatu,2001,7647,6768,35,189290
1322,Vanuatu,2002,14339,7647,45,193956
1323,Vanuatu,2003,15240,14339,47,198964
1324,Vanuatu,2004,14653,15240,50,204143
1325,Vanuatu,2005,9834,14653,46,209370
1326,Vanuatu,2006,8055,9834,44,214634
1327,Vanuatu,2007,5471,8055,40,219953
1328,Vanuatu,2008,3765,5471,38,225340
1329,Vanuatu,2009,4189,3765,41,230785
1330,Vanuatu,2010,8169,4189,45,236295
1331,Vanuatu,2011,4820,8169,43,241871
1332,Vanuatu,2012,3435,4820,41,247485
1333,Vanuatu,2013,2381,3435,41,253142
1334,Vanuatu,2014,982,2381,36,258850
1335,Zambia,2000,4077547,4077547,107,10531221
1336,Zambia,2001,4077547,4077547,107,10824125
1337,Zambia,2002,4077547,4077547,107,11120409
1338,Zambia,2003,4077547,4077547,107,11421984
1339,Zambia,2004,4077547,4077547,107,11731746
1340,Zambia,2005,4077547,4077547,107,12052156
1341,Zambia,2006,4077547,4077547,107,12383446
1342,Zambia,2007,4077547,4077547,107,12725974
1343,Zambia,2008,4077547,4077547,107,13082517
1344,Zambia,2009,4077547,4077547,107,13456417
1345,Zambia,2010,4077547,4077547,107,13850033
1346,Zambia,2011,4077547,4077547,106,14264756
1347,Zambia,2012,4077547,4077547,106,14699937
1348,Zambia,2013,4077547,4077547,105,15153210
1349,Zambia,2014,4077547,67513,102,15620974
1350,Zimbabwe,2000,258521.875,258521.875,83,12222251
1351,Zimbabwe,2001,258521.875,258521.875,85,12366165
1352,Zimbabwe,2002,258521.875,258521.875,84,12500525
1353,Zimbabwe,2003,258521.875,258521.875,85,12633897
1354,Zimbabwe,2004,258521.875,258521.875,87,12777511
1355,Zimbabwe,2005,258521.875,258521.875,87,12940032
1356,Zimbabwe,2006,258521.875,258521.875,85,13124267
1357,Zimbabwe,2007,116518,4077547,76,13329909
1358,Zimbabwe,2008,32788,116518,61,13558469
1359,Zimbabwe,2009,114028,32788,79,13810599
1360,Zimbabwe,2010,249379,114028,81,14086317
1361,Zimbabwe,2011,319935,249379,86,14386649
1362,Zimbabwe,2012,276963,319935,77,14710826
1363,Zimbabwe,2013,422633,276963,83,15054506
1364,Zimbabwe,2014,535931,422633,82,15411675
